,contagem
NAO,167.0
MEDICO,114.0
MEDICOS,83.0
SAUDE,75.0
FOTO,66.0
HOSPITAL,49.0
COVID,47.0
ESTADO,44.0
FEIRA,42.0
GENTE,39.0
CORONAVIRUS,34.0
ATENDIMENTO,34.0
RIO,33.0
DIA,33.0
ACORDO,31.0
TRABALHO,28.0
PACIENTES,28.0
GRANDE,28.0
SECRETARIA,27.0
VEJA,26.0
PROFISSIONAIS,26.0
POLICIA,26.0
CORPO,26.0
PANDEMIA,25.0
TV,24.0
UNIDADE,24.0
PACIENTE,24.0
BOMBEIROS,24.0
CIRURGIA,23.0
FEDERAL,23.0
PUBLICO,23.0
PARTE,21.0
MORTES,21.0
FAMILIA,21.0
MINISTERIO,20.0
TRATAMENTO,19.0
CLINICA,19.0
MEDICINA,18.0
CARNE,18.0
TEMPO,17.0
CACHOEIRA,16.0
REGIAO,16.0
EQUIPE,16.0
DOENCA,16.0
VITIMA,16.0
PAULO,16.0
DANIEL,16.0
PAIS,16.0
CONTA,16.0
USO,16.0
UTI,16.0
CAUSA,16.0
CASOS,15.0
PESSOA,14.0
BEM,14.0
REGIONAL,14.0
NUMERO,14.0
SERVICOS,14.0
INFORMOU,14.0
PROGRAMA,14.0
ACRE,14.0
BUSCAS,14.0
VACINA,13.0
CAMINHAO,13.0
CONSELHO,13.0
CIDADE,13.0
CRIME,13.0
VAGAS,13.0
CORRENTEZA,13.0
CASA,13.0
VIDA,13.0
JOSE,13.0
CARGA,13.0
ASSOCIACAO,12.0
NOTICIAS,12.0
VOLTA,12.0
SITUACAO,12.0
GRUPO,12.0
POPULACAO,12.0
SINTOMAS,12.0
BAIRRO,12.0
PROCESSO,12.0
VETERINARIO,12.0
PUBLICA,12.0
EDITAL,12.0
EMPRESA,11.0
CONTRATACAO,11.0
CONTRA,11.0
REALIZAR,11.0
MUITAS,11.0
SUL,11.0
CIVIL,11.0
PREFEITURA,11.0
EVITAR,11.0
NOVO,11.0
SINDICATO,11.0
FORMA,11.0
TESTES,11.0
NICOLE,10.0
BAHIA,10.0
LEITOS,10.0
HOJE,10.0
REALIZADO,10.0
LEITE,10.0
VASCULAR,10.0
VETERINARIA,10.0
MP,10.0
PRAIA,10.0
CHARLOTTE,10.0
PRESIDENTE,10.0
PROFISSIONAL,10.0
MEDICA,10.0
DIFICIL,10.0
EMPRESARIO,10.0
EXAMES,10.0
PROCEDIMENTO,10.0
FUMACA,10.0
EDUARDO,9.0
SINDROME,9.0
PERNA,9.0
PROCURAR,9.0
SEDE,9.0
PARTICIPAR,9.0
PASSOU,9.0
SANTA,9.0
DF,9.0
EMPRESAS,9.0
CUIDADOS,9.0
MESES,9.0
SERVICO,9.0
PREFEITO,9.0
USAR,9.0
PEDRAS,9.0
INSTITUTO,9.0
PONTE,9.0
MORADORES,9.0
HORA,9.0
ACESSO,9.0
PROTECAO,9.0
JUSTICA,9.0
UBERABA,9.0
NADA,9.0
ACOES,9.0
PROBLEMA,9.0
EXPLICA,9.0
MASCARAS,9.0
DENUNCIA,9.0
MAOS,9.0
SISTEMA,8.0
BRASILEIRA,8.0
ALVARO,8.0
ARQUIVO,8.0
FATO,8.0
SUSPEITO,8.0
TERCEIRO,8.0
VIDEOS,8.0
IR,8.0
JAYME,8.0
CIRURGIAS,8.0
NOITE,8.0
PRONTO,8.0
SANTOS,8.0
BBC,8.0
DESAPARECEU,8.0
BAIXO,8.0
DISCUSSAO,8.0
SP,8.0
CUIDADO,8.0
PESSOAL,8.0
ULTIMA,8.0
BRASIL,8.0
INSS,8.0
LAUDOS,8.0
VICE,8.0
JOAO,8.0
CLINICO,8.0
NOME,8.0
DIFICULDADE,8.0
FORTE,8.0
DIVULGAR,8.0
AMB,7.0
GRAVES,7.0
PERIODO,7.0
TESTE,7.0
MAO,7.0
OPERACAO,7.0
APRESENTAR,7.0
INSCRICOES,7.0
CONSULTA,7.0
ADVOGADO,7.0
TRANSFERENCIA,7.0
ESTOU,7.0
HOMEM,7.0
TRABALHOS,7.0
AMIGOS,7.0
PRIMEIROS,7.0
BRACO,7.0
LEITO,7.0
MULHER,7.0
FUNCIONARIOS,7.0
TRAUMA,7.0
PREVENCAO,7.0
MEUS,7.0
TENHO,7.0
PEREIRA,7.0
UNIDADES,7.0
OFTALMOLOGISTA,7.0
SELETIVO,7.0
IMPORTANCIA,7.0
RODOVIA,7.0
SEGURANCA,7.0
PROBLEMAS,7.0
ACAO,7.0
RESPONSAVEL,7.0
CAMPINA,7.0
MANHA,7.0
CONDICOES,7.0
ESPECIALIDADES,7.0
PERNAMBUCO,7.0
COMUNIDADE,7.0
FAKE,7.0
HELICOPTERO,6.0
ATUAR,6.0
FRAUDE,6.0
RISCO,6.0
DIAGNOSTICO,6.0
AM,6.0
MORAL,6.0
RIPPOSATI,6.0
RESPOSTAS,6.0
HOMICIDIO,6.0
CARDOSO,6.0
CONDICAO,6.0
MILITARES,6.0
PELE,6.0
DOENCAS,6.0
NATURAL,6.0
DEFICIENCIA,6.0
DORES,6.0
CANDIDATOS,6.0
ACONTECE,6.0
JUNDIAI,6.0
MATA,6.0
UNIT,6.0
PERICIAS,6.0
DINHEIRO,6.0
CONFIRA,6.0
BENEFICIO,6.0
RESULTADO,6.0
DESVIO,6.0
ATENDIMENTOS,6.0
COSTA,6.0
PERGUNTAS,6.0
NOVIDADES,6.0
EMERGENCIA,6.0
PRAZO,6.0
CRIANCAS,6.0
POSSUI,6.0
ATENDER,6.0
MPF,6.0
AUXILIO,6.0
DESAPARECIDO,6.0
CONTATO,6.0
PRECISO,6.0
ESTADUAL,6.0
FUNCIONA,6.0
TANTO,6.0
RESPEITO,6.0
SOCIAL,6.0
ESPACO,6.0
JANEIRO,6.0
VARIOS,6.0
CAPITAL,6.0
PROMOVER,6.0
ACIDENTE,6.0
CANDIDATURA,6.0
PODER,6.0
MARKETING,6.0
SOCIEDADE,6.0
MUNDO,6.0
MIRANTE,6.0
MELHOR,6.0
FUNCIONARIA,6.0
ANDAMENTO,6.0
VIDEO,6.0
VALOR,6.0
SECO,6.0
FAZENDO,6.0
MAE,6.0
MENOR,6.0
APOIO,6.0
FERIADO,6.0
EXISTE,6.0
CONTAS,5.0
S,5.0
MARCO,5.0
TIVE,5.0
RECEBER,5.0
ESPECIALISTAS,5.0
VEICULO,5.0
CARNES,5.0
BITTENCOURT,5.0
INTERNADA,5.0
CILIAR,5.0
INCENDIO,5.0
REGIS,5.0
FICAM,5.0
PAI,5.0
DISSERAM,5.0
CRM,5.0
MUITA,5.0
CANDIDATO,5.0
OBITOS,5.0
IRREGULARIDADES,5.0
VOLTARAM,5.0
DADOS,5.0
PAISES,5.0
GEL,5.0
ATENCAO,5.0
YGLESIO,5.0
MOVEL,5.0
CARREGADO,5.0
MANUAL,5.0
ENTENDA,5.0
PROFESSOR,5.0
VIGILANCIA,5.0
FISCAL,5.0
OCORRENCIAS,5.0
TIROS,5.0
ALGUMAS,5.0
ARMA,5.0
PISCINA,5.0
NUNCA,5.0
LEGAL,5.0
GERHARDT,5.0
ESTADOS,5.0
SIGA,5.0
SABER,5.0
RUY,5.0
PRECO,5.0
PREVENIR,5.0
QUALIDADE,5.0
EXISTENCIA,5.0
BASTANTE,5.0
EMBORA,5.0
REFERENCIA,5.0
TRABALHAR,5.0
CRICIUMA,5.0
ALCOOL,5.0
HIPOTESE,5.0
CONSULTAS,5.0
EXEMPLO,5.0
CONSEGUIR,5.0
SENTIR,5.0
FUI,5.0
INCHACO,5.0
DANCAR,5.0
PRESSAO,5.0
CONTINUA,5.0
APREENSAO,5.0
PORTO,5.0
SEGUINTE,5.0
SENTE,5.0
PASSADO,5.0
COMECARAM,5.0
INTERNET,5.0
MEDICAS,5.0
SECRETARIO,5.0
EQUIPAMENTOS,5.0
RESSECAMENTO,5.0
INVESTIGACAO,5.0
RIBEIRO,5.0
TERAPIA,5.0
MENINA,5.0
DIFICULDADES,5.0
COMPRA,5.0
OLIVEIRA,5.0
UPA,5.0
REGISTRO,5.0
CONVERSA,5.0
JURIDICA,5.0
DEMANDA,5.0
NACIONAL,5.0
SESAB,5.0
HUMANO,5.0
SAIBA,5.0
COISA,5.0
PEDIDO,5.0
MUNICIPAL,5.0
TRATAR,5.0
COMPLICACOES,5.0
DOCUMENTACAO,4.0
MARQUES,4.0
No,4.0
PROJETO,4.0
AC,4.0
TRABALHISTAS,4.0
ENTRAR,4.0
NEVES,4.0
APESAR,4.0
FERREIRA,4.0
RAPIDO,4.0
BOX,4.0
LEVANTAMENTO,4.0
RECEBIDO,4.0
PAZ,4.0
UNIVERSIDADE,4.0
BRACOS,4.0
TUMORES,4.0
OLHO,4.0
DEIXA,4.0
BUSCA,4.0
CASTELO,4.0
GRAFICO,4.0
DISPAROS,4.0
TOCANTINS,4.0
ALGUMA,4.0
PRATICA,4.0
RAOULT,4.0
CLINICAS,4.0
HIDROXICLOROQUINA,4.0
REALIZACAO,4.0
MONTE,4.0
SEGUIDO,4.0
DIGITAL,4.0
LOCALIZADA,4.0
CHEGADA,4.0
GUAMA,4.0
USADA,4.0
ESPECIAL,4.0
ENTIDADE,4.0
PROCURA,4.0
SC,4.0
INFECCOES,4.0
KM,4.0
VAGA,4.0
DOUTOR,4.0
RESISTIU,4.0
PERFIL,4.0
MORA,4.0
GERAIS,4.0
EXISTEM,4.0
UNIAO,4.0
SITE,4.0
ASSUNTO,4.0
CRUZ,4.0
ATUA,4.0
CAUSADO,4.0
CONTOU,4.0
FACILITA,4.0
OBITO,4.0
CAIU,4.0
PREDIO,4.0
CARINHO,4.0
FRENTE,4.0
PEDE,4.0
PRESTAR,4.0
MARANHAO,4.0
IDADE,4.0
INTENSIVA,4.0
BRASILEIROS,4.0
PARTIDO,4.0
EPOCA,4.0
IMPORTANTE,4.0
SEI,4.0
SUS,4.0
MEDICAMENTOS,4.0
MOYSES,4.0
SOCORRO,4.0
RELACAO,4.0
SELECAO,4.0
ANA,4.0
TEATRO,4.0
COMIGO,4.0
CICATRIZES,4.0
SERVIDORES,4.0
PROCEDIMENTOS,4.0
ANGIOLOGIA,4.0
FORCA,4.0
POSSIVEL,4.0
DEFESA,4.0
MELO,4.0
JOVEM,4.0
TOMBAR,4.0
AJUDA,4.0
MAL,4.0
SUICIDIO,4.0
SILVA,4.0
GESTAO,4.0
ESPERANCA,4.0
REAGIU,4.0
URGENCIA,4.0
NEUROCIRURGIA,4.0
DOCUMENTO,4.0
OCULAR,4.0
REDE,4.0
MANIFESTAR,4.0
DIREITOS,4.0
MUNICIPIO,4.0
SINDMED,4.0
CAUSAR,4.0
OLHOS,4.0
ORDEM,4.0
LIBERADA,4.0
AL,4.0
DESENVOLVIMENTO,4.0
DISPONIVEIS,4.0
SEGURO,4.0
ENVOLVIDOS,4.0
LEVAR,4.0
NORMALMENTE,4.0
DISTRITO,4.0
CONSEGUI,4.0
AREAS,4.0
ESQUEMA,4.0
PROVAS,4.0
TONELADAS,4.0
VITIMAS,4.0
COISAS,4.0
CONSEGUE,4.0
PECAS,4.0
DIAGNOSTICOS,4.0
TOMBOU,4.0
VER,4.0
FRAUDES,4.0
VIA,4.0
GOTEMBURGO,4.0
DANO,4.0
MIM,4.0
ATENDEU,4.0
SMS,4.0
VIEGAS,4.0
CONVOCADOS,4.0
MELHORES,4.0
DELEGADO,4.0
FORMADA,4.0
CLINICOS,4.0
EPISODIOS,4.0
PRF,4.0
PROS,4.0
ULTIMAS,4.0
CLIENTE,4.0
ZONA,4.0
ASSASSINADO,4.0
AUTOR,4.0
NADAVA,4.0
PRECISAM,4.0
FIQUEI,4.0
AGUA,4.0
ONTEM,3.0
RECEITAS,3.0
DISTANCIAMENTO,3.0
EXIGIDO,3.0
ENTREGOU,3.0
AUMENTAR,3.0
SOZINHO,3.0
CONSULTORIO,3.0
DIRETOR,3.0
CESARIANAS,3.0
POUCOS,3.0
DATA,3.0
FINAL,3.0
ACHO,3.0
INTERIOR,3.0
CUNHA,3.0
SECOS,3.0
FHEMIG,3.0
OBTEVE,3.0
MORRERAM,3.0
RESPOSTA,3.0
OBITOSRIO,3.0
BRASILIA,3.0
ESQUERDO,3.0
TENTA,3.0
CONTABILIZADOS,3.0
MANDADOS,3.0
SENTIU,3.0
INDEPENDENCIA,3.0
LITORAL,3.0
RAFAEL,3.0
JORNADA,3.0
INTERNADO,3.0
GERENTE,3.0
INVESTIGAR,3.0
SANITARIA,3.0
REPORTAGEM,3.0
ATO,3.0
ACOMPANHADO,3.0
VESTIBULAR,3.0
RURAL,3.0
DOWGLAS,3.0
SAIR,3.0
DECISAO,3.0
ORIENTACAO,3.0
AR,3.0
FRONTAL,3.0
MENTAL,3.0
CEREBRO,3.0
TECNICA,3.0
MERGULHADORES,3.0
CONSIGA,3.0
ATRAS,3.0
LEVADO,3.0
TRECHO,3.0
VOLTOU,3.0
CHEGANDO,3.0
ESCALAS,3.0
ESFORCOS,3.0
FE,3.0
DETERMINADO,3.0
CURSO,3.0
DESAPARECIMENTO,3.0
DEUS,3.0
PARAR,3.0
AVENIDA,3.0
PRAIAS,3.0
DIVERSAS,3.0
LOTADAS,3.0
GALINHAS,3.0
INVESTIGACOES,3.0
PROCURE,3.0
QUESTIONADA,3.0
GLOBO,3.0
ALERTA,3.0
VE,3.0
DOACAO,3.0
BOVINA,3.0
PRESS,3.0
RESTANTE,3.0
DOMINGO,3.0
POSSA,3.0
HIGIENE,3.0
MARIA,3.0
RESULTADOS,3.0
QUERIA,3.0
CHAMAMENTO,3.0
DEMAIS,3.0
ENCERRA,3.0
LEVADA,3.0
PORTA,3.0
DELAS,3.0
ESTRUTURA,3.0
AUTORIDADES,3.0
FUTURA,3.0
DURAR,3.0
DECIDIU,3.0
DIEGO,3.0
ACOSTAMENTO,3.0
MASCARA,3.0
ASCOM,3.0
FOCO,3.0
EMPURRAR,3.0
POSITIVO,3.0
CENTRAL,3.0
IDENTIFICADO,3.0
LINHA,3.0
BANHISTAS,3.0
OBJETIVO,3.0
SANETTA,3.0
LISTA,3.0
FAZEM,3.0
ARRASTADO,3.0
SEPARADAS,3.0
SERIAM,3.0
SAQUEADO,3.0
TRIAGEM,3.0
FAZIA,3.0
KG,3.0
SPILF,3.0
DESVIADO,3.0
INTERNACIONAL,3.0
SABEM,3.0
PSL,3.0
RETORNAR,3.0
TRATAMENTOS,3.0
TIRO,3.0
HOMICIDIOS,3.0
MILITAR,3.0
REQUISITOS,3.0
IMEDIATO,3.0
APRESENTARAM,3.0
LONGO,3.0
CUMPRIMENTO,3.0
AGREDIDO,3.0
FORMAS,3.0
REDES,3.0
ADMINISTRATIVAS,3.0
PRECOS,3.0
ATUACAO,3.0
SHPP,3.0
DONO,3.0
PRINCIPAIS,3.0
COMBATE,3.0
VIVEM,3.0
ASSEDIO,3.0
FICARAM,3.0
DERMATOLOGISTA,3.0
HORARIO,3.0
HIDRATACAO,3.0
SESACRE,3.0
PARCERIA,3.0
ANIMAIS,3.0
ALTO,3.0
PUBLICITARIA,3.0
CAMPANHAS,3.0
PROIBICOES,3.0
TRAQUEOSTOMIA,3.0
VEREADOR,3.0
CARGO,3.0
QUADRO,3.0
OBRIGATORIEDADES,3.0
SEQUELAS,3.0
RELATA,3.0
NECESSARIOS,3.0
ELEICOES,3.0
HILDA,3.0
ENTRADA,3.0
NSC,3.0
GURGEL,3.0
INDENIZACAO,3.0
GATO,3.0
PREENCHIMENTO,3.0
GUTENBERG,3.0
GUAJARA,3.0
ANANINDEUA,3.0
AMAZONAS,3.0
ESCOLA,3.0
ICUI,3.0
TRABALHADORES,3.0
TERPAZ,3.0
ORCAMENTO,3.0
N,3.0
NORMAL,3.0
ATENDIDOS,3.0
SUSPENSAS,3.0
PREVIDENCIA,3.0
AUDIENCIAS,3.0
FOGO,3.0
DECRETO,3.0
TIVERAM,3.0
QUARTO,3.0
RN,3.0
IMAGENS,3.0
CIRCUITO,3.0
GESTORA,3.0
CONTRATADOS,3.0
CONTRATADO,3.0
CONTEUDO,3.0
CURUZU,3.0
FERIMENTOS,3.0
INTERVENCAO,3.0
PAGAMENTO,3.0
ESPECIALIDADE,3.0
TOMAR,3.0
MANTER,3.0
COPIA,3.0
GEORGE,3.0
GRANDES,3.0
QUEREM,3.0
METROS,3.0
CHEGAR,3.0
TERRENO,3.0
TREMEMBE,3.0
CONFIRMACAO,3.0
FIZ,3.0
TENHAM,3.0
PAPEL,3.0
RECEBE,3.0
LEMBRA,3.0
DIREITO,3.0
EVOLUCAO,3.0
ORGAOS,3.0
LADO,3.0
CONTRATO,3.0
CHEGAM,3.0
AGENDAMENTO,3.0
PROCESSOS,3.0
INVESTIGA,3.0
FUNCIONAMENTO,3.0
EXTREMAMENTE,3.0
PEGAR,3.0
PLANTOES,3.0
EVANS,3.0
ESPOSA,3.0
DENTRE,3.0
INCHACOS,3.0
WALTER,3.0
QUADRIL,3.0
AMPUTADA,3.0
SERGIPE,3.0
GOVERNO,3.0
INICIARAM,3.0
ARACAJU,3.0
UNICO,3.0
HAJA,3.0
COMPLETOU,3.0
ANHANGUERA,3.0
CREMERO,3.0
RETORNO,3.0
AFETA,3.0
RECIFE,3.0
CRITERIOS,3.0
ATIVAS,3.0
FRANCISCO,3.0
NOVAMENTE,3.0
ATUALMENTE,3.0
EXECUCAO,3.0
DESOCUPADAS,3.0
SEMANAS,3.0
DIRETAMENTE,3.0
DESTRUIU,3.0
CIRURGICO,3.0
DOCUMENTOS,3.0
COMPARTIMENTAL,3.0
CAMARA,3.0
PLATAFORMA,3.0
CAUSAS,3.0
STARTUP,3.0
LOCAIS,3.0
TELEMEDICINA,3.0
TAO,3.0
AGUARDANDO,2.0
GINECOLOGISTA,2.0
TECIDO,2.0
ENTREGUE,2.0
INSCRICAO,2.0
SUPORTAR,2.0
TOMOGRAFIA,2.0
DESCUMPRIMENTO,2.0
DANCA,2.0
FUNDAMENTAL,2.0
COMECANDO,2.0
POSSO,2.0
LICITACAO,2.0
NETO,2.0
REINO,2.0
ESCOLHER,2.0
MUSICAL,2.0
ACREDITAVA,2.0
MEIA,2.0
INFORMACAO,2.0
SABIAM,2.0
RECENTEMENTE,2.0
AUXILIAR,2.0
PE,2.0
CONHECIA,2.0
ESTOMAGO,2.0
NENHUMA,2.0
AGRADECEU,2.0
DIVULGADA,2.0
COMISSAO,2.0
OBSTETRA,2.0
JI,2.0
PARANA,2.0
MINHAS,2.0
CERTIDAO,2.0
COSTAS,2.0
CHAMADO,2.0
SENAO,2.0
CONVOCACAO,2.0
PUBLICACAO,2.0
ACHAR,2.0
BURLA,2.0
MUSCULOS,2.0
ENSINO,2.0
DIFERENTES,2.0
ENTREGA,2.0
DIRETORA,2.0
ABERTA,2.0
CIRURGIAO,2.0
FECHADO,2.0
UNIDO,2.0
BA,2.0
NAQUILO,2.0
TORTUROU,2.0
BOLETIM,2.0
PLANTAO,2.0
TRANSFERENCIAS,2.0
LEVA,2.0
GESTANTES,2.0
SAQUE,2.0
D,2.0
FILHOS,2.0
REFRIGERADO,2.0
DIVERTIDO,2.0
ADULTOS,2.0
PRODUTO,2.0
ADOLESCENTES,2.0
ERIKA,2.0
REPRESENTA,2.0
COMERCIALIZADA,2.0
TUMULTO,2.0
EVERALDO,2.0
FRIGORIFICA,2.0
FILA,2.0
BOATO,2.0
OFERECIDOS,2.0
DEDO,2.0
FORMOU,2.0
OCASIAO,2.0
RONDONIA,2.0
FIEL,2.0
SAQUEADAS,2.0
CONSUMO,2.0
PROFISSAO,2.0
CONDOLENCIAS,2.0
IDOSOS,2.0
ATITUDES,2.0
ASSISTENCIA,2.0
AMOR,2.0
LEVARIA,2.0
OPORTUNIDADE,2.0
PM,2.0
SERGIO,2.0
DR,2.0
REGISTROU,2.0
PERDA,2.0
FAMILIARES,2.0
VELHO,2.0
INCINERADA,2.0
ESTADAO,2.0
PEDACINHO,2.0
SANITARISTA,2.0
PEDACOS,2.0
DIABETICO,2.0
TRABALHOU,2.0
RITA,2.0
ENCONTRARAM,2.0
SAUDAVEL,2.0
INTERNA,2.0
JURIDICAS,2.0
INTENSAS,2.0
GILBERTO,2.0
ORGANISMO,2.0
ASSESSORIA,2.0
SALVADOR,2.0
PONTO,2.0
CONCURSO,2.0
AMBIENTE,2.0
REITERADAS,2.0
PROCUROU,2.0
LUNA,2.0
RESPONDER,2.0
MAU,2.0
QUEIXAS,2.0
ESPALHOU,2.0
RETALIACAO,2.0
IMPROBIDADE,2.0
MELHORA,2.0
SEGUEM,2.0
SOFRIDO,2.0
CONCLUSAO,2.0
SANGUE,2.0
MARCA,2.0
COLEGA,2.0
LUTO,2.0
VIRTUDE,2.0
VERDADE,2.0
SECURA,2.0
QUERO,2.0
CANTO,2.0
PROXIMOS,2.0
FIQUEM,2.0
SIMPLIFICADO,2.0
FISICAS,2.0
LIGADA,2.0
SEGUIR,2.0
FUNDAMENTAIS,2.0
TOMA,2.0
PERDI,2.0
RESPONSABILIDADE,2.0
LIMPEZA,2.0
ALGUEM,2.0
POLITICO,2.0
ESTUDANDO,2.0
REALMENTE,2.0
ESTIMACAO,2.0
MEDICAMENTO,2.0
CHEGARAM,2.0
PREJUDICAR,2.0
COMPANHEIRA,2.0
ACUSA,2.0
MUDOU,2.0
MELHORAR,2.0
SOUSA,2.0
TENTATIVA,2.0
ESTABELECIDO,2.0
INTERNO,2.0
CONHECIDO,2.0
RECEBEMOS,2.0
SANTO,2.0
COBRADO,2.0
UNIVERSITARIO,2.0
SURPREENDENTE,2.0
FEIJO,2.0
DISPUTAR,2.0
EVENTO,2.0
RENDA,2.0
CONFIRMA,2.0
SUPERINTENDENCIA,2.0
PRIMEIRAMENTE,2.0
ERRADO,2.0
CIENCIA,2.0
VARIAS,2.0
SAMU,2.0
CORRE,2.0
CRIAR,2.0
SOCIAIS,2.0
SOCORRIDO,2.0
MOSTRAR,2.0
PROIBIDO,2.0
LIMITACOES,2.0
CONTE,2.0
ENTREVISTAS,2.0
ALVO,2.0
FRANCESA,2.0
PUBLICITARIAS,2.0
IMAGES,2.0
AFP,2.0
MARSELHA,2.0
GETTY,2.0
QUALIFICADA,2.0
PERMITIDO,2.0
POSTURA,2.0
CRITICA,2.0
BABA,2.0
VEIO,2.0
CESAR,2.0
ENTREVISTA,2.0
POSSUEM,2.0
SINAIS,2.0
CEDO,2.0
RECONHECIDO,2.0
SISTEMICAS,2.0
GRAVIDADE,2.0
DIMINUIR,2.0
GAZETA,2.0
TELAS,2.0
SALA,2.0
LIQUIDO,2.0
MATERNIDADE,2.0
INTERNACAO,2.0
ES,2.0
CARTAS,2.0
POSITIVOS,2.0
ENFERMEIRA,2.0
PROJETOS,2.0
HUMANIZACAO,2.0
VITORIA,2.0
AQUELES,2.0
ROTINA,2.0
AUDITORIA,2.0
MARCELO,2.0
INSTITUTOS,2.0
PARALISACAO,2.0
CERTO,2.0
RECEBEU,2.0
DIMINUIU,2.0
CARREIRA,2.0
AJUDANDO,2.0
IMPRIMIR,2.0
FUGIU,2.0
IML,2.0
PRATICAR,2.0
MOTIVACAO,2.0
RELATOU,2.0
SERRA,2.0
CONOSCO,2.0
MORREU,2.0
ABRIR,2.0
FORAGIDO,2.0
TRATADO,2.0
PRECISAR,2.0
DELEGACIA,2.0
CARLOS,2.0
CARVALHO,2.0
ATINGIDA,2.0
JORNAL,2.0
BOCAS,2.0
ATENDO,2.0
LAVAGEM,2.0
SUECIA,2.0
CRIMINOSA,2.0
PASSANDO,2.0
JUDICIAL,2.0
MEDIANTE,2.0
REALIZADOS,2.0
KELLY,2.0
PALMAS,2.0
PROXIMA,2.0
CONTINUO,2.0
RECURSOS,2.0
PAREDES,2.0
SONHO,2.0
APONTAM,2.0
TRANSFERIDOS,2.0
TRATA,2.0
TENTARAM,2.0
PIUM,2.0
CUMPRIDOS,2.0
SABEMOS,2.0
FACO,2.0
LICITATORIOS,2.0
ORGANIZACAO,2.0
AUDIOS,2.0
AMBITO,2.0
SUPERIOR,2.0
ALIVIAR,2.0
PASSEI,2.0
CONSTA,2.0
CAPAZ,2.0
BORBOLETAS,2.0
FASCIA,2.0
PERNAS,2.0
CAUSADA,2.0
PENSAM,2.0
OCORRIDO,2.0
INVESTIGADAS,2.0
PREVISTO,2.0
MOTORISTA,2.0
MEDIDA,2.0
FUNCAO,2.0
CARIMBO,2.0
BARBOSA,2.0
PUBLICOS,2.0
PARALISADO,2.0
CRIMINOSO,2.0
RELATAM,2.0
FECHADAS,2.0
DIDIER,2.0
PERTO,2.0
TITULO,2.0
PASTA,2.0
FEDERACAO,2.0
AGENCIA,2.0
SUSPEITA,2.0
NORMAS,2.0
ESPECIALISTA,2.0
PROPRIETARIOS,2.0
ACALORADA,2.0
ANALISANDO,2.0
CONHECIMENTO,2.0
TRIBUNAL,2.0
AGUIAR,2.0
PRESTACAO,2.0
PREOCUPACAO,2.0
PIZZARIA,2.0
PISTOLA,2.0
CONSCIENCIA,2.0
MATERIAIS,2.0
RODANO,2.0
PRONTOCLINICA,2.0
CAMERAS,2.0
PRESTA,2.0
TOTAL,2.0
SOBRETUDO,2.0
MANTEM,2.0
CANETA,2.0
LAUDO,2.0
MANDADO,2.0
ATIVA,2.0
JUIZA,2.0
RECUSOU,2.0
HOSPITALARES,2.0
COMUNICADO,2.0
JUDICIARIO,2.0
ATUALIZACAO,2.0
EX,2.0
SEGURADO,2.0
PRESENCIAIS,2.0
INVESTIGADO,2.0
ITABUNA,2.0
NEGADOS,2.0
OBITOSMATO,2.0
ORTOPEDIA,2.0
AGENCIAS,2.0
FECHADA,2.0
GROSSO,2.0
MAURO,2.0
ENFERMEIROS,2.0
LEONARDO,2.0
MOSTRA,2.0
DEPENDE,2.0
SALLE,2.0
SESPA,2.0
AUMENTO,2.0
UIPP,2.0
TERRITORIO,2.0
PERDEU,2.0
REALIZADAS,2.0
MA,2.0
ATIVIDADES,2.0
BONIFACIO,2.0
MEDIDAS,2.0
ATENDE,2.0
CONFESSOU,2.0
TRABALHANDO,2.0
FUNDACAO,2.0
CIDADANIA,2.0
ASSUMIR,2.0
DOMINGOS,2.0
RESPONSAVEIS,2.0
ATOS,2.0
CIPRIANO,2.0
CONSEGUIU,2.0
SESAP,2.0
MELHORE,2.0
RESSALTOU,2.0
PRONTA,2.0
AFIRMAM,2.0
EXTREMA,2.0
TELEFONE,2.0
AMIGO,2.0
BASICA,2.0
PSIQUIATRA,2.0
BACANA,2.0
ESTACAO,2.0
ESTRADA,2.0
VIU,2.0
AJUDOU,2.0
REGULACAO,2.0
BUSCAR,2.0
PESO,2.0
IMEDIATAMENTE,2.0
BRANCO,2.0
ALEGOU,2.0
SETOR,2.0
DAQUELA,2.0
EMITIR,2.0
SALAO,2.0
HOSPITAIS,2.0
BELEZA,2.0
CRIMES,2.0
DESVIOS,2.0
ESTES,2.0
ALTA,2.0
ALGO,2.0
DESSAS,2.0
MANAUS,2.0
CAMPO,2.0
QUIETUDE,2.0
EXPERIENCIAS,2.0
EMPREGO,2.0
FALSIDADE,2.0
IDENTIFICAR,2.0
DIZEM,2.0
REPENTE,2.0
SRTE,2.0
IDEOLOGICA,2.0
FISCALIZACAO,2.0
RADIOTERAPIA,2.0
DEIXOU,2.0
PARALISIA,2.0
CROSS,2.0
CONSEGUIA,2.0
COTA,2.0
SERIE,2.0
FECHAMENTO,2.0
QUALIFICAR,2.0
ESTRESSE,2.0
INDICADO,2.0
NAQUELA,2.0
PROVAVEL,2.0
MARGEM,2.0
QUEBRANDO,2.0
PERIGO,2.0
INFECTADO,2.0
LENTOS,2.0
MEDO,2.0
TRAVESSIA,2.0
CONTINUAM,2.0
DESCOBRIU,2.0
PRECISOU,2.0
ABERTO,2.0
CAMINHADA,2.0
ANESTESISTA,2.0
PREOCUPADA,2.0
GOIAS,2.0
MG,2.0
FASE,2.0
CONVOCADO,2.0
DETALHES,2.0
GOVERNADOR,2.0
DESAFIO,2.0
ASSINATURA,2.0
PREVE,2.0
INCLUINDO,2.0
REGISTRAR,2.0
ASSINAR,2.0
HORARIA,2.0
CONTRATAR,2.0
DIVULGOU,2.0
HOSPITALAR,2.0
APROVACAO,2.0
GOIANIA,2.0
PODERA,2.0
MERGULHO,2.0
DIAGNOSTICADO,2.0
VIVENDO,2.0
PORTE,2.0
DEPOIMENTO,2.0
FABIO,2.0
EXTERIOR,2.0
INTUBADO,2.0
COSTUMAM,2.0
PATRICIA,2.0
CVV,2.0
PROCURADA,2.0
PRODUCAO,2.0
PADRE,2.0
RECUPERA,2.0
GUARA,2.0
ENVIADA,2.0
CADASTRADAS,2.0
TEMPORARIA,2.0
ENCAMINHADO,2.0
INTENCAO,2.0
WHATSAPP,2.0
INTUBACAO,2.0
GEORGIANO,2.0
ESCORREGOU,2.0
ASSASSINAR,2.0
REFERENTES,2.0
CHINESA,2.0
GRAVE,2.0
CRUZANDO,2.0
AGUAS,2.0
COMPOSTA,2.0
BARBACENA,2.0
SIMULTANEAMENTE,2.0
RIBAS,2.0
EFICAZES,2.0
CATARINA,2.0
BRUNA,2.0
TROCA,2.0
ANTERIOR,2.0
COLETIVO,2.0
VISTA,2.0
ACHANDO,2.0
EXECUTIVA,2.0
SERRANO,2.0
TURISTAS,2.0
CONFIRMACOES,2.0
CONSIDERANDO,2.0
MAIRA,2.0
PRIMEIRAS,2.0
ESPECIALIZADA,2.0
JUIZ,2.0
STREET,2.0
USUARIOS,2.0
DISPONIVEL,2.0
ESTUDO,2.0
MAIL,2.0
PERICIA,2.0
DISPONIBILIZADAS,2.0
DISPUTA,2.0
RESGATADA,2.0
CRUZEIRO,2.0
FOCARAM,2.0
SIMULTANEAS,2.0
ENTENDER,2.0
VISTAS,2.0
CIDADES,2.0
JUNTOS,2.0
INFECTOLOGISTA,2.0
PIRES,2.0
NUMEROS,2.0
BRASILEIRO,2.0
ONLINE,2.0
PLANO,2.0
PRESENCIAL,2.0
PRIVADA,2.0
FICANDO,2.0
EMERGENCIAL,2.0
PRESENTES,2.0
OFICIALIZOU,2.0
APROVOU,2.0
CONFIAVEL,2.0
ACOMPANHAR,2.0
ESPERA,2.0
REGISTRADAS,2.0
VA,2.0
CATARINENSE,2.0
CONVIVIO,2.0
CONSULTORIOS,2.0
DESENVOLVIDO,2.0
TECNOLOGIA,2.0
ALISSON,2.0
ORTOPEDISTA,2.0
MARINHO,2.0
CENTROS,2.0
RECEITA,2.0
SOLUCAO,2.0
LOPES,2.0
DESLOCAR,2.0
RESGATE,2.0
MUNICIPAIS,2.0
SENTIDO,2.0
TIRAR,2.0
ENFERMAGEM,2.0
SIM,2.0
CONVENCAO,2.0
CELULAR,2.0
CONSORCIO,2.0
TRANSPORTADO,2.0
EMBAIXO,2.0
FISICO,2.0
COLOCOU,2.0
MUDAR,2.0
POSTERIORMENTE,2.0
AVALIACAO,2.0
DISTRIBUICAO,2.0
INQUERITO,2.0
TERRA,2.0
DENUNCIOU,2.0
ADMINISTRATIVO,2.0
ATENDEM,2.0
OCUPADAS,2.0
NAQUELE,2.0
VIEW,2.0
CONDENACAO,2.0
QUANTAS,2.0
VEICULOS,2.0
IBGE,2.0
EFETIVIDADE,2.0
DECORRENCIA,2.0
CADASTRO,2.0
PALAVRA,2.0
RECLAMOU,1.0
TEMPORARIAMENTE,1.0
FARA,1.0
COMPARECERAM,1.0
FALANDO,1.0
TAIS,1.0
PREOCUPAM,1.0
AUDIO,1.0
REPRESSAO,1.0
PRESERVADOS,1.0
VIM,1.0
ATIVAMENTE,1.0
ESCLARECIMENTOS,1.0
FILMAR,1.0
NOTADA,1.0
REVELADO,1.0
PIORAR,1.0
ANIMO,1.0
EXIGENCIAS,1.0
QUISESSE,1.0
NEFASTA,1.0
DEIXADO,1.0
FUNCIONANDO,1.0
PREJUIZO,1.0
FAVORECIMENTO,1.0
COMETIDOS,1.0
SI,1.0
ESCOLHE,1.0
CONSIDERAR,1.0
SAIDA,1.0
COLABORADORES,1.0
SUBSTITUIRA,1.0
COMPARECIDO,1.0
OUVIDOS,1.0
COMPLETA,1.0
RETALIACOES,1.0
BOLETO,1.0
INSUSTENTAVEL,1.0
OBTER,1.0
DAI,1.0
TEMEM,1.0
CONDENADO,1.0
GRAVACOES,1.0
APURADAS,1.0
SEQUESTRO,1.0
TORNANDO,1.0
ONOFRE,1.0
COMENTAR,1.0
RESTABELECER,1.0
DISPONIBILIZANDO,1.0
SOCO,1.0
CONVIDANDO,1.0
ESTANCAR,1.0
CRIMINALISTA,1.0
DOBRO,1.0
DAVIGILANCIA,1.0
PROPOSTA,1.0
FALSO,1.0
COMPROVADO,1.0
SEGUIU,1.0
NOMES,1.0
DIARIO,1.0
CARATER,1.0
IMEDIATA,1.0
TERAO,1.0
BALEADO,1.0
SENTENCA,1.0
EXIGIDA,1.0
DEFINICAO,1.0
DOE,1.0
CONVOCOU,1.0
CONCORDAVA,1.0
SELECIONADOS,1.0
OUVIDAS,1.0
DOZE,1.0
ANTONIA,1.0
PERPLEXIDADE,1.0
EDICAO,1.0
INCLUSIVAMENTE,1.0
ANTICORPOS,1.0
DEVOLUCAO,1.0
OMISSOS,1.0
SERIAS,1.0
PENA,1.0
DERAM,1.0
CONTRAIDO,1.0
PUBLICAS,1.0
PROMOTORA,1.0
CONTESTOU,1.0
AFASTADO,1.0
NEGACIONISTAS,1.0
NEGATIVO,1.0
DANIELA,1.0
LIMINAR,1.0
CONSCIENTES,1.0
ATENDIA,1.0
RT,1.0
PCR,1.0
CERTOS,1.0
EFETUANDO,1.0
AMADEI,1.0
HARMONIOSO,1.0
GERENCIAR,1.0
DESMOBILIZAR,1.0
URGENTE,1.0
PRECOCEMENTE,1.0
INTER,1.0
INTERDITANDO,1.0
REZA,1.0
DRA,1.0
CRITICOU,1.0
ABRIREM,1.0
DESSES,1.0
CARENCIA,1.0
QUEILA,1.0
CLT,1.0
COMPROMETIDAS,1.0
RELATANDO,1.0
CONIVENTE,1.0
ACIONARAM,1.0
VINCULOS,1.0
ENCAMINHADAS,1.0
ARTERIOPLASTIAS,1.0
VISITA,1.0
PROLIFERACAO,1.0
RETORNOU,1.0
SABIA,1.0
INOBSTANTE,1.0
PROVISORIA,1.0
VETERINARIOS,1.0
QUANTOS,1.0
COMPORTAMENTOS,1.0
EXIGIU,1.0
MANDA,1.0
DISPARADOS,1.0
PREOCUPADO,1.0
DESLOCARAM,1.0
SAIU,1.0
APRESENTADO,1.0
ASSISTAM,1.0
REINICIOU,1.0
PRADO,1.0
TEXTO,1.0
DEIXE,1.0
OFICIAL,1.0
PUBLICADO,1.0
PARAIBA,1.0
INDICARIA,1.0
JERONIMO,1.0
CONTRIBUINTE,1.0
COMETIDAS,1.0
TEMPERATURA,1.0
APLICANDO,1.0
BONITA,1.0
ARTERIAL,1.0
LIQUIDA,1.0
DISSEMINACAO,1.0
CONSTANTEMENTE,1.0
PREJUDICA,1.0
KITS,1.0
GERSON,1.0
TRANSMISSIVEIS,1.0
GRADUAL,1.0
PERMITAM,1.0
CONSTANTE,1.0
SOL,1.0
COCEIRAS,1.0
PROTETOR,1.0
ISTS,1.0
B,1.0
SEAC,1.0
RAPIDOS,1.0
SIFILIS,1.0
GRACAS,1.0
ESQUECER,1.0
GIGANTE,1.0
TRANSBORDAVA,1.0
DISPONIBILIZADOS,1.0
GARANTINDO,1.0
VITAIS,1.0
CANCER,1.0
REPOR,1.0
BEBIDA,1.0
CHUVAS,1.0
COCO,1.0
ALGODAO,1.0
RINITE,1.0
GLICEMIA,1.0
TREVILATO,1.0
PARTICULAS,1.0
HIGIENIZAR,1.0
HIDRATANTE,1.0
EXPOSICAO,1.0
ASMA,1.0
TERERE,1.0
RESPIRATORIA,1.0
PRESENCA,1.0
SOLAR,1.0
CURTO,1.0
ALCOOLICA,1.0
CONSEQUENCIAS,1.0
POEIRA,1.0
CRISES,1.0
CIRCULACAO,1.0
BRONQUITE,1.0
DIURETICA,1.0
FOLGADAS,1.0
RESPIRATORIAS,1.0
LEAL,1.0
ATENDIDAS,1.0
CORACAO,1.0
REALIZANDO,1.0
LINK,1.0
BR,1.0
CONFERIDOS,1.0
DEVERAO,1.0
TITULOS,1.0
CATEGORIA,1.0
SEMANAL,1.0
VENCIMENTO,1.0
ENCAMINHADOS,1.0
COMPLETO,1.0
GOV,1.0
ESPERAM,1.0
PRIMOGENITA,1.0
MORTE,1.0
PRESTARAM,1.0
QUEBROU,1.0
CAIR,1.0
CONFORTE,1.0
HUMOR,1.0
ELLEN,1.0
VIBRAVA,1.0
ESTIVESSEM,1.0
HABILIDOSO,1.0
NOBRES,1.0
COMPLEMENTA,1.0
TESTEMUNHOS,1.0
MENSAL,1.0
HOMENAGENS,1.0
RETOMADA,1.0
AJUDAVA,1.0
MURILO,1.0
COMENTOU,1.0
JAMAIS,1.0
IREI,1.0
HEPATITE,1.0
BELEM,1.0
ABERTURA,1.0
MORREM,1.0
CONVIVIAM,1.0
PJF,1.0
ESCREVEU,1.0
DIGITALIZADOS,1.0
DECLARADOS,1.0
TRISTE,1.0
DOUTORA,1.0
FLORA,1.0
EXECUTIVO,1.0
LUTAR,1.0
SATISFACAO,1.0
MORAR,1.0
ASCENSAO,1.0
EXCLUSIVAMENTE,1.0
U,1.0
PUBLICOU,1.0
SESAU,1.0
CURSOU,1.0
RESPIRATORIO,1.0
EMISSAO,1.0
COMECA,1.0
FORMOS,1.0
DESMOBILIZACAO,1.0
INJECAO,1.0
RECEBERA,1.0
PROGRESSIVAMENTE,1.0
RECEIOS,1.0
SBACV,1.0
BLOQUEADAS,1.0
INTEGRA,1.0
PRINTS,1.0
CHEFE,1.0
ESTARA,1.0
CONSTRANGE,1.0
SUCESSIVAS,1.0
CONSTRUIDO,1.0
NARRARAM,1.0
ATITUDE,1.0
DEMITIU,1.0
LESIVO,1.0
PEDIATRICO,1.0
SERIOS,1.0
INDICIO,1.0
ADMINISTRATIVA,1.0
COMPACTUANDO,1.0
FUNCIONAR,1.0
BANDEIRA,1.0
COMBATIDA,1.0
CIRURGICOS,1.0
MAIA,1.0
AMEACAS,1.0
AUTORAS,1.0
SUBSTITUINDO,1.0
COMPACTUA,1.0
MACHADO,1.0
PACTUAR,1.0
SALAS,1.0
DIABETICAS,1.0
ALEGAM,1.0
INAUGURADO,1.0
CONSTATOU,1.0
ABASTECIMENTO,1.0
APOSENTADO,1.0
CABUGI,1.0
AMPLIAR,1.0
SANITARIAS,1.0
OFERTA,1.0
ADEQUADA,1.0
AGUARDAM,1.0
REORGANIZACAO,1.0
ANVISA,1.0
QUEZIA,1.0
TITULAR,1.0
ARTERIOGRAFIAS,1.0
ADEQUA,1.0
NOTIFICACAO,1.0
VASCULARES,1.0
SINMED,1.0
GERADO,1.0
SAIREM,1.0
ROUPAS,1.0
PEDIATRA,1.0
FORMULARIO,1.0
C,1.0
REITEROU,1.0
UTILIZAM,1.0
CREDENCIADAS,1.0
GONZAGA,1.0
TORACICA,1.0
ETAPA,1.0
PRESTAREM,1.0
COMPLEMENTARES,1.0
ESTIMADO,1.0
LUIZ,1.0
FERNANDES,1.0
SARAMPO,1.0
VERIFICACAO,1.0
SEXUALMENTE,1.0
ESPECIALIZADOS,1.0
PRELIMINAR,1.0
INSUFICIENTE,1.0
HABILITADOS,1.0
INSCRITOS,1.0
DIVULGADO,1.0
DOM,1.0
REABERTAS,1.0
BUCAL,1.0
CHAPEU,1.0
ENTIDADES,1.0
BAIRROS,1.0
ATENDIDO,1.0
ROBUSTOS,1.0
INDICIOS,1.0
INTERROMPER,1.0
TENDE,1.0
DIRETIVO,1.0
INTERFERE,1.0
OPORTUNAMENTE,1.0
DESGUARNECIDOS,1.0
FERIAS,1.0
PROPOSTO,1.0
ACEITO,1.0
ORTOPEDICA,1.0
ADMITIDOS,1.0
ARAUJO,1.0
IDENTIDADE,1.0
SINDIMED,1.0
RENOVARA,1.0
VINCULO,1.0
RECEBENDO,1.0
LAMENTAVEL,1.0
GARANTIAS,1.0
REORGANIZAR,1.0
ENCAMINHAR,1.0
GERA,1.0
DER,1.0
MUDANCA,1.0
ESTRUTURAIS,1.0
ATINGIRAM,1.0
ATUANDO,1.0
OCORRENCIA,1.0
COMPLEXOS,1.0
SONDA,1.0
CORRER,1.0
RESSONANCIA,1.0
SEQUER,1.0
SILENCIOSO,1.0
AFETADO,1.0
PARALISIAS,1.0
COMIA,1.0
X,1.0
PEDIATRICA,1.0
ESQ,1.0
COGITAR,1.0
RUA,1.0
OPTARAM,1.0
TIVER,1.0
PERNINHA,1.0
UTILIZA,1.0
GEMEA,1.0
MEMORIZAR,1.0
PREPARAVA,1.0
PROPRIO,1.0
APROVEITAR,1.0
ACREDITO,1.0
ANTIGAMENTE,1.0
ATENDIDA,1.0
IV,1.0
TCHAU,1.0
PRESSAS,1.0
FALAVA,1.0
SUSTENTAR,1.0
ALIMENTAR,1.0
ADMINISTRACAO,1.0
TUMULTOS,1.0
ORIGEM,1.0
ESCOVA,1.0
TRABALHA,1.0
ADQUIRIU,1.0
MARCIO,1.0
MOBILIZOU,1.0
ATN,1.0
POPULARES,1.0
COVIDARIO,1.0
PLANOS,1.0
APROVEITARAM,1.0
LUGAR,1.0
CONCLUI,1.0
PRESSOAL,1.0
LUA,1.0
DOMICILIAR,1.0
ESQUECEU,1.0
COMPLICADOS,1.0
INTOXICACAO,1.0
ANOTACOES,1.0
DEDICACAO,1.0
APROVADO,1.0
BANHO,1.0
MACETES,1.0
FALEI,1.0
INFANTIL,1.0
PEQUENA,1.0
BRINCANDO,1.0
MEXIA,1.0
MOSTRAM,1.0
OBITOSSERGIPE,1.0
APURADO,1.0
OBITOSPERNAMBUCO,1.0
FEMININO,1.0
OBITOSPARAIBA,1.0
OBITOSSANTA,1.0
AFETADOS,1.0
OBITOSESPIRITO,1.0
POSICAO,1.0
DESESPERADOS,1.0
APARECE,1.0
PEDIATRAS,1.0
CONTABILIZOU,1.0
OBITOSGOIAS,1.0
APONTARAM,1.0
ETARIA,1.0
OBSTETRAS,1.0
REGISTRA,1.0
OBITOSACRE,1.0
PROVOCADAS,1.0
FAIXA,1.0
OBITOSAMAZONAS,1.0
CONTABILIZADAS,1.0
OBITOSRORAIMA,1.0
OBITOSDISTRITO,1.0
OBITOSPIAUI,1.0
SIMESP,1.0
TRAUMATOLOGISTAS,1.0
MASCULINO,1.0
RANKING,1.0
OBITOSPARANA,1.0
ORTOPEDISTAS,1.0
INTERNOU,1.0
DOR,1.0
ASSUSTADA,1.0
IRMA,1.0
RADIOTERAPICO,1.0
OBITOSBAHIA,1.0
CONTABILIZARAM,1.0
REGISTRAM,1.0
OBITOSAMAPA,1.0
DECIDIRAM,1.0
PARANDO,1.0
GINECOLOGISTAS,1.0
OBITOSRONDONIA,1.0
OBITOSCEARA,1.0
RECEBEM,1.0
UTIS,1.0
AFETADA,1.0
REGISTROS,1.0
CUJOS,1.0
SEXO,1.0
OBITOSMARANHAO,1.0
OBITOSTOCANTINS,1.0
ENCONTRA,1.0
CARDIOLOGISTAS,1.0
OBITOSPARA,1.0
OBITOSMINAS,1.0
RAIO,1.0
COMUNICACAO,1.0
MOREIRA,1.0
ENCONTROU,1.0
DIVERSOS,1.0
TRANSPORTAVA,1.0
CONSEGUINDO,1.0
CALCULAM,1.0
NE,1.0
SEGUIA,1.0
RETIRADA,1.0
ROUBO,1.0
TRANSITO,1.0
SUBITAMENTE,1.0
CACAPAVA,1.0
ROUBANDO,1.0
COMERCIALIZADAS,1.0
CHEGAVA,1.0
AGRICULTOR,1.0
ACOUGUES,1.0
ALBERTINO,1.0
GUARDA,1.0
TIVESSE,1.0
ALTOS,1.0
COMIDA,1.0
TENTANDO,1.0
RETIRAR,1.0
OFICIAIS,1.0
ARTE,1.0
DESTRUIDA,1.0
PIMENTA,1.0
TATICA,1.0
SAQUEADA,1.0
CARO,1.0
TOMBAMENTO,1.0
CARREGAMENTO,1.0
BO,1.0
ROUBADA,1.0
AMANHA,1.0
FREAR,1.0
RODOVIARIA,1.0
MERCADO,1.0
TRANSBORDO,1.0
INTESTINAIS,1.0
FURTADA,1.0
FURTADO,1.0
DEZENAS,1.0
ARGUMENTAM,1.0
GCM,1.0
SAQUEADORES,1.0
GARGALHADA,1.0
LIBERASSE,1.0
VIRADO,1.0
DONA,1.0
COMPRASSEM,1.0
AGLOMERACAO,1.0
MERCADOS,1.0
INSTALADO,1.0
TA,1.0
FOME,1.0
ESCOLTA,1.0
PROPRIA,1.0
CONSUMIR,1.0
VIATURA,1.0
LIBERADO,1.0
ITAPECERICA,1.0
CARREGANDO,1.0
CHAMAM,1.0
LEME,1.0
TECNICAS,1.0
CHEGA,1.0
LEMBRETES,1.0
HUMILDE,1.0
ESPECIALIZAR,1.0
HABITOS,1.0
PAROU,1.0
RETRIBUIR,1.0
VENHA,1.0
AFIRMAR,1.0
JOGADO,1.0
ACOUGUE,1.0
DENTES,1.0
PAGAR,1.0
TERMINOU,1.0
VENDIDAS,1.0
DISTRIBUINDO,1.0
AUXILIANDO,1.0
ASSENTAMENTOS,1.0
SANITARIO,1.0
COBERTAS,1.0
INVADIR,1.0
NAMORO,1.0
ANGELA,1.0
BATER,1.0
GAS,1.0
COLOCA,1.0
TRANSPORTE,1.0
CURSAR,1.0
PORTANTO,1.0
ATENTOS,1.0
VIEIRA,1.0
MENSALIDADE,1.0
AJUDARIA,1.0
CARRO,1.0
TORNAR,1.0
VIANA,1.0
PIOROU,1.0
SAQUES,1.0
ARRASTANDO,1.0
INTERESSE,1.0
ESPECIALIZACAO,1.0
VAZIO,1.0
UTILIZAVA,1.0
MEL,1.0
ATRAVESSAR,1.0
ESTUDAR,1.0
BAIXOS,1.0
FORMADO,1.0
USADAS,1.0
INTERNADOS,1.0
EMPURRAO,1.0
TOMBADO,1.0
BANHEIRO,1.0
CASAMENTO,1.0
UTILIZANDO,1.0
MONTAGEM,1.0
OBITOSALAGOAS,1.0
ACOLHIDO,1.0
LINCOLN,1.0
INTERNAMENTE,1.0
FREQUENTADOR,1.0
LEONIDAS,1.0
EXPEDIDO,1.0
COFRES,1.0
FOLHA,1.0
PROMOTORIA,1.0
VARIADAS,1.0
FREQUENTE,1.0
SEGREDO,1.0
EXPLICAR,1.0
GUARULHOS,1.0
GOOGLE,1.0
CONFESSADO,1.0
INTERNOS,1.0
TENTAM,1.0
POLICIAL,1.0
FALECEU,1.0
ALESE,1.0
GRADUOU,1.0
COLETIVA,1.0
MESTRE,1.0
TONA,1.0
ASSEMBLEIA,1.0
CAUSADAS,1.0
IMOVEIS,1.0
ENVOLVENDO,1.0
TIRADENTES,1.0
BENS,1.0
CHEGADO,1.0
CONSIDEROU,1.0
INIMIGOS,1.0
FACIL,1.0
AUTORIA,1.0
EFETUOU,1.0
LICENCA,1.0
AMEACA,1.0
PENITENCIARIO,1.0
CRIAMOS,1.0
CONTRAEM,1.0
AMARELA,1.0
PASSAGENS,1.0
EMOCIONADA,1.0
CONTRAIU,1.0
DIFERENTE,1.0
DIARIAMENTE,1.0
PRECISANDO,1.0
AFROUXAR,1.0
CONFIRMADA,1.0
INDIVIDUAL,1.0
REVOLVER,1.0
FELIZES,1.0
INTEIRO,1.0
RECLAMADO,1.0
QUERIDO,1.0
GRAVISSIMOS,1.0
ADOTAR,1.0
PRESTAVA,1.0
RECUPERAVA,1.0
COMEMOROU,1.0
ATUOU,1.0
EPIDEMIOLOGIA,1.0
LEVAVA,1.0
OCORRERAM,1.0
FURTO,1.0
GOLPE,1.0
DECLAROU,1.0
CABECA,1.0
PAGO,1.0
PRESTADOR,1.0
TERMINANDO,1.0
POLICIAS,1.0
TENTADO,1.0
INVESTIGANDO,1.0
EVOLUIU,1.0
ACOMPANHA,1.0
CONTRIBUICOES,1.0
ENVOLVIDAS,1.0
SERGIPANO,1.0
IDENTIFICADAS,1.0
ANIMAL,1.0
APURADOS,1.0
SOLIDARIEDADE,1.0
ACIONADAS,1.0
ECONOMICOS,1.0
COMANDO,1.0
CONCLUIR,1.0
INCONSCIENCIA,1.0
APARELHO,1.0
PROPRIEDADE,1.0
PRENDER,1.0
SACANDO,1.0
VINDO,1.0
DESLIGADA,1.0
INVESTIGADA,1.0
DELITOS,1.0
CEMITERIO,1.0
ALAGOANO,1.0
SEPULTAMENTO,1.0
CIENCIAS,1.0
FUNDADOR,1.0
NETA,1.0
ITABAIANINHA,1.0
CIDADAO,1.0
OCORRA,1.0
FINANCEIRO,1.0
DOADA,1.0
INSTITUICAO,1.0
SAUDADE,1.0
COLINA,1.0
SOUBE,1.0
EXPERIENCIA,1.0
LEGISLATIVA,1.0
INSTAURADO,1.0
FILHAS,1.0
UFS,1.0
GEDEC,1.0
ESTELIONATO,1.0
CONTRATADA,1.0
ASSOCIADOS,1.0
POSSAM,1.0
APREENDIDOS,1.0
DESVIOU,1.0
EFETUADO,1.0
ENTERRADO,1.0
RADIO,1.0
APOIADO,1.0
ACREDITEI,1.0
ESTEVE,1.0
ESTUDARAM,1.0
HETEROGENEO,1.0
QUEREMOS,1.0
PLACA,1.0
COMPROMETIDO,1.0
CORRIDA,1.0
RESISTEM,1.0
MECANICA,1.0
RESPONDEU,1.0
ROUPA,1.0
ROBERTO,1.0
REFORCAR,1.0
VACINADAS,1.0
TRANQUILO,1.0
VENTILATORIA,1.0
BUSCAM,1.0
ENUMEROU,1.0
DADAS,1.0
SAI,1.0
PSICOLOGA,1.0
DESOCUPADOS,1.0
MONTADOR,1.0
REANIMADO,1.0
REVERSIVEL,1.0
LEMBROU,1.0
PERDENDO,1.0
MOVIMENTOS,1.0
OFERTAS,1.0
ESQUERDA,1.0
SOLICITACAO,1.0
DETECCAO,1.0
LIDAS,1.0
PASSA,1.0
GOMES,1.0
CRISTINE,1.0
ESPIRITO,1.0
SOLICITANDO,1.0
DESCUIDARIA,1.0
SUSPIROU,1.0
EPIS,1.0
NOCAO,1.0
GUILHERME,1.0
AFETIVO,1.0
CONTRAIR,1.0
CARINHOSAS,1.0
TROCAM,1.0
MAGNETICA,1.0
CONVIDOU,1.0
RESPIRADORES,1.0
VOU,1.0
PRESTADO,1.0
TRATOU,1.0
ESCREVE,1.0
INFECTADAS,1.0
NORMALIDADE,1.0
TOMOU,1.0
LIBERARAM,1.0
NASCIMENTO,1.0
SUBIU,1.0
ACHEI,1.0
VENCIDO,1.0
DISCUTIR,1.0
AGRESSAO,1.0
RODRIGUES,1.0
COMPLEXO,1.0
USANDO,1.0
PRISAO,1.0
PEDRINHAS,1.0
ENTE,1.0
VELADO,1.0
LIDAM,1.0
ALESSANDRA,1.0
PULMAO,1.0
AMBOS,1.0
COMPLICADO,1.0
ENFERMARIA,1.0
APROXIMAR,1.0
NIVIA,1.0
CLUBE,1.0
TIVEMOS,1.0
LAVAR,1.0
ISOLADO,1.0
NARROU,1.0
AFINAL,1.0
TIDO,1.0
BRINCAVA,1.0
FOREM,1.0
TIVESSEM,1.0
DELITO,1.0
CONFIRMADOS,1.0
BRINCADEIRA,1.0
FINAIS,1.0
AJUDAR,1.0
QUAISQUER,1.0
IA,1.0
TO,1.0
LYDIA,1.0
RECUPERACAO,1.0
COLOCADA,1.0
DIRECIONA,1.0
ALIMENTA,1.0
CHANCE,1.0
DRS,1.0
VOLTEI,1.0
ENTENDE,1.0
ENFERMEIRAS,1.0
ESTAVEIS,1.0
TRANSFORMADA,1.0
IMPOTENTE,1.0
QUARENTENA,1.0
SOZINHA,1.0
ACOMPANHANDO,1.0
INDICA,1.0
ACHA,1.0
PARADO,1.0
SOARES,1.0
ACONTECEM,1.0
ORIENTAR,1.0
OESTE,1.0
AGEVISA,1.0
CORREREM,1.0
PESAMES,1.0
CORAGEM,1.0
DEPRESSAO,1.0
EXTERNAR,1.0
SENTINDO,1.0
PONTUAL,1.0
ENCONTREI,1.0
ANONIMATO,1.0
SINTO,1.0
SIGILO,1.0
CAPS,1.0
SHOWS,1.0
COSTUMA,1.0
TREMENDO,1.0
EXAUSTIVA,1.0
PSICOSSOCIAIS,1.0
ACONSELHO,1.0
INTERFERIR,1.0
MUNDIAL,1.0
JIOVANI,1.0
CRISE,1.0
DECISIVO,1.0
NAQUELES,1.0
MANEIRAS,1.0
VALORIZACAO,1.0
CRAQUE,1.0
ANGUSTIA,1.0
ENCONTRO,1.0
PROFUNDO,1.0
NEURY,1.0
CONFORTAVEL,1.0
COMECAMOS,1.0
MEDOS,1.0
SUPERCOPA,1.0
BOTEGA,1.0
LINHAS,1.0
RELIGIOSO,1.0
LIGA,1.0
EMOCIONAL,1.0
REALIZA,1.0
PERIGOSAS,1.0
DEMORADOS,1.0
QUINTO,1.0
QUILOMETROS,1.0
ESCORREGADO,1.0
DIMINUISSE,1.0
CAMINHAVA,1.0
QUEBRADO,1.0
ATRAVESSAVAM,1.0
SUBMERGIU,1.0
PUDESSEM,1.0
COLOCADO,1.0
PROFUNDIDADE,1.0
PROVAVELMENTE,1.0
ANTEPAROS,1.0
MOVER,1.0
DISTANCIA,1.0
INSPECIONADAS,1.0
BASE,1.0
RAPIDAMENTE,1.0
DESINTERESSE,1.0
DANDO,1.0
FLAMENGO,1.0
CELEBRACOES,1.0
VOLUNTARIOS,1.0
VOLUNTARIO,1.0
COLOCADOS,1.0
PATOLOGIAS,1.0
AVALIA,1.0
POSITIVAS,1.0
RELIGIOSAS,1.0
PLANETA,1.0
PERIGOSOS,1.0
GRATUITOS,1.0
DEPRIMIDO,1.0
DEIXEI,1.0
REMUNERACOES,1.0
ORGANIZADA,1.0
CRITICOS,1.0
CONTAMINACAO,1.0
SES,1.0
MINAS,1.0
PREVISTAS,1.0
CANDIDATAS,1.0
TIPOS,1.0
PODCAST,1.0
CLASSIFICADOS,1.0
ANUNCIA,1.0
DESTINADA,1.0
AMBAS,1.0
PUTIN,1.0
LUTA,1.0
PRODUTIVIDADE,1.0
CONEXAO,1.0
AVISO,1.0
CONQUISTAR,1.0
FARMACEUTICO,1.0
JULIO,1.0
ALERGIAS,1.0
DITADAS,1.0
DAVID,1.0
LATINA,1.0
HUMANA,1.0
CONSIGAM,1.0
AUTOMATIZADA,1.0
HELTON,1.0
RAPIDA,1.0
ADMINISTRA,1.0
GANHAM,1.0
MANEIRA,1.0
CANDIDATA,1.0
SINOVAC,1.0
TRAUMAS,1.0
RUSSIA,1.0
ENTENDAM,1.0
MEDICACAO,1.0
FANTEZA,1.0
HORRIVEL,1.0
CAPITAO,1.0
OUVI,1.0
REFLITAM,1.0
RESERVA,1.0
MENINO,1.0
INTERCEDER,1.0
ANSIEDADE,1.0
MINISTRO,1.0
LUZ,1.0
ESPALHADOS,1.0
DESTACA,1.0
LETICIA,1.0
DIRECAO,1.0
DEBATE,1.0
SECA,1.0
VACINAS,1.0
FRACASSO,1.0
BUTANTAN,1.0
BONS,1.0
CORONAVAC,1.0
REINICIADAS,1.0
CLARO,1.0
RELATARAM,1.0
FUNDO,1.0
CRUZAR,1.0
MOVERAM,1.0
CONCENTRARAM,1.0
SOCORRIDA,1.0
SUMIU,1.0
TOTALMENTE,1.0
CAROL,1.0
RECADO,1.0
ENTUBADO,1.0
COORDENAR,1.0
AGENDADA,1.0
REUMATOLOGIA,1.0
CARTAO,1.0
AGENDADOS,1.0
LEVE,1.0
SUPERVISOR,1.0
RETOMOU,1.0
POSITIVAMENTE,1.0
IMENSA,1.0
VIRAO,1.0
TOSSE,1.0
DELICADO,1.0
ORACAO,1.0
PRESCREVEU,1.0
GUIMARAES,1.0
DIABETICOS,1.0
RECENTES,1.0
PREVALENTES,1.0
TEOFILO,1.0
GRATUITO,1.0
PROFESSORES,1.0
CRONICAS,1.0
PORTADORES,1.0
TUTORES,1.0
ACOMPANHADOS,1.0
ESCLARECEU,1.0
AMELIA,1.0
ETARIAS,1.0
ORIENTADAS,1.0
PRIMARIA,1.0
OBRIGATORIO,1.0
ALMAS,1.0
PERSISTENTE,1.0
MARAVILHOSA,1.0
ALAGOAS,1.0
TALMELI,1.0
CORRENTE,1.0
EXPEDIDA,1.0
DEBITOS,1.0
ENVELOPE,1.0
FISICA,1.0
IRAO,1.0
DISTRIBUIDAS,1.0
NEGATIVA,1.0
RO,1.0
CC,1.0
URUPA,1.0
PUBLIC,1.0
CARTEIRA,1.0
ENDOCRINOLOGISTA,1.0
INTERESSADOS,1.0
FORMANDO,1.0
GIBERTO,1.0
INSERIDOS,1.0
FORTES,1.0
PANTOPRAZOL,1.0
CONTINUEM,1.0
GRATIDAO,1.0
ISOLAMENTO,1.0
HUMILDEMENTE,1.0
ROGUEM,1.0
MEDICACOES,1.0
CERTEZA,1.0
SOMOS,1.0
FEBRE,1.0
PEDIMOS,1.0
SUBMETIDO,1.0
ESTAVEL,1.0
CORRENTES,1.0
PROTOCOLOS,1.0
ACOMPANHANTE,1.0
CONVIVENCIA,1.0
VIAGEM,1.0
PERNAMBUCANO,1.0
MANTIDOS,1.0
FAZEMOS,1.0
RETROCEDER,1.0
DEVERIAMOS,1.0
PERNAMBUCOSAIBA,1.0
DESCUIDOU,1.0
MARLON,1.0
AGLOMERACOES,1.0
CORONAVIRUSCORONAVIRUS,1.0
VASCONCELOS,1.0
HOSPEDAM,1.0
TURISTICOS,1.0
SITUACOES,1.0
GABRIEL,1.0
EVOLUIR,1.0
SUPEROU,1.0
LOTERIA,1.0
FISCHER,1.0
RESPEITANDO,1.0
DESCUIDAR,1.0
LOTACAO,1.0
IPOJUCA,1.0
TEMPORADA,1.0
MEDIA,1.0
PROLONGADO,1.0
NIVEL,1.0
REGRAS,1.0
FOTOS,1.0
AEREA,1.0
GENETICA,1.0
QUANTIDADE,1.0
LOTADA,1.0
VOLTAR,1.0
ECONOMICO,1.0
SUPERVISAO,1.0
TURISMO,1.0
COFEN,1.0
DIVULGARAM,1.0
PHOTO,1.0
INGLES,1.0
ICN,1.0
TERRIQUEZ,1.0
UCHOA,1.0
CAMPUS,1.0
FAIXAS,1.0
HIPERTENSOS,1.0
PREVENTIVAS,1.0
RETORNAMOS,1.0
RETOMA,1.0
EXCETO,1.0
ESTUDANTES,1.0
JOEBETH,1.0
IMPRENSA,1.0
HOMENS,1.0
INFECTADOS,1.0
MOVIMENTO,1.0
IRRESPONSABILIDADE,1.0
PEDINDO,1.0
FERIADOS,1.0
CAUTELA,1.0
FINS,1.0
AVANCANDO,1.0
AP,1.0
TOTALIZAVA,1.0
DESEJANDO,1.0
RETROCESSO,1.0
GERALMENTE,1.0
MORTOS,1.0
SIGLA,1.0
INTEGRADAS,1.0
REAL,1.0
GENTIL,1.0
ORIENTARAM,1.0
ULTRAPASSA,1.0
FILHO,1.0
MORADOR,1.0
JUSTIFICATIVA,1.0
TAVARES,1.0
BOLETINS,1.0
TRANSFERIDO,1.0
INFORMARAM,1.0
PASSARAM,1.0
DESESPERO,1.0
COBRA,1.0
UTEIS,1.0
SALARIO,1.0
CONVENIOS,1.0
REABERTA,1.0
DEVERIA,1.0
FACA,1.0
NINSAUDE,1.0
LAMENTOU,1.0
ALOCACAO,1.0
ALOCADAS,1.0
GERADOS,1.0
DAVALOS,1.0
ESFERA,1.0
OCUPACAO,1.0
CENARIO,1.0
APRESENTA,1.0
SEQUELA,1.0
RESPIRAR,1.0
MARTINS,1.0
ARAGUAINA,1.0
AGUARDA,1.0
POSICIONAMENTO,1.0
TEME,1.0
CONTRARIO,1.0
LOZANDES,1.0
VINCULADOS,1.0
MAXIMO,1.0
RECUPERANDO,1.0
REFORCA,1.0
OBSERVACAO,1.0
ADANIA,1.0
INCENDIOS,1.0
BEATRIZ,1.0
CIGARRO,1.0
SOLTA,1.0
QUEIMADO,1.0
ACENDENDO,1.0
LOBO,1.0
FERIDOS,1.0
ONCAS,1.0
FIQUE,1.0
CHERNICHENKO,1.0
ABRIGA,1.0
PRECISARAM,1.0
TOMEM,1.0
ENTREGAR,1.0
FUNCIONAM,1.0
CHACARA,1.0
DEFINIDO,1.0
CONTRATOS,1.0
CREDENCIADO,1.0
SUDE,1.0
SEMANAIS,1.0
PREVISTA,1.0
GERENCIA,1.0
EXIGIDOS,1.0
UPAS,1.0
JARDIM,1.0
CURITIBA,1.0
PARK,1.0
OFERECEM,1.0
POSSIVEIS,1.0
PRIORIZAM,1.0
CHAMA,1.0
INSTAUROU,1.0
OFICIO,1.0
APURAR,1.0
REDUCAO,1.0
PERMITA,1.0
LEOMAR,1.0
LEUDA,1.0
IMPEDIR,1.0
AGE,1.0
OBRIGUE,1.0
AGRAVADO,1.0
ESCOLHENDO,1.0
EXISTENTES,1.0
PROCURAM,1.0
ATRAIR,1.0
POBRES,1.0
POBREZA,1.0
ENCONTRAM,1.0
ELEVADO,1.0
CONTAVA,1.0
AMAZONICA,1.0
PREENCHIDAS,1.0
ANUALMENTE,1.0
INSUFICIENCIA,1.0
ESPECIFICASSE,1.0
DATASUS,1.0
DPU,1.0
LANCAR,1.0
LANCOU,1.0
REUNE,1.0
REMUNERACAO,1.0
PURUS,1.0
SITUA,1.0
HABITANTES,1.0
ANUNCIADO,1.0
DESTES,1.0
REGIOES,1.0
FIOCRUZ,1.0
SVM,1.0
MUNICIPIOS,1.0
ORGAO,1.0
INDICE,1.0
AJUIZARAM,1.0
EXPLICACOES,1.0
DEFENSORIA,1.0
NUCLEO,1.0
PERCENTUAL,1.0
IMPEDEM,1.0
FIXAR,1.0
INDIGENA,1.0
DSEI,1.0
PREENCHE,1.0
ATUAREM,1.0
AUTORIZADAS,1.0
TOMADAS,1.0
DIVULGADOS,1.0
ESTATISTICA,1.0
FORCAR,1.0
ESTABELECIMENTOS,1.0
PRECAUCAO,1.0
SOLICITADAS,1.0
GEOGRAFIA,1.0
DEFICIT,1.0
OSWALDO,1.0
ACABAM,1.0
ACREANO,1.0
CONTRATACOES,1.0
HOMOLOGADAS,1.0
DIVIDIDAS,1.0
ASSEGURAR,1.0
ONCA,1.0
M,1.0
BITUCA,1.0
FARMACIAS,1.0
MEXICO,1.0
FACILITADO,1.0
REMEDIOS,1.0
ELETRONICA,1.0
ESCREVER,1.0
GRAFIA,1.0
COMPRAR,1.0
ERROS,1.0
ENVOLVEM,1.0
FUZER,1.0
GUSMAO,1.0
ATESTADOS,1.0
TABLETE,1.0
AUMENTA,1.0
PLANEJA,1.0
CONSEGUIRAM,1.0
EFICIENTE,1.0
PEDIDOS,1.0
PODEMOS,1.0
DAQUELES,1.0
OFICIALIZA,1.0
ELETIVA,1.0
DEFINE,1.0
URNAS,1.0
TRANSFORMAR,1.0
DATAS,1.0
VOLUME,1.0
PITES,1.0
DICAS,1.0
PERU,1.0
PRESCRICAO,1.0
CRESCEU,1.0
AUTOMATIZACAO,1.0
PERDER,1.0
RENTABILIDADE,1.0
DELEGADOS,1.0
TELA,1.0
AMERICA,1.0
MARCAR,1.0
COMECAR,1.0
COMPUTADOR,1.0
ADOTOU,1.0
ANTERIORES,1.0
INTELIGENCIA,1.0
PREFEREM,1.0
CHILE,1.0
RODA,1.0
TECH,1.0
CEO,1.0
PERMITE,1.0
EXAME,1.0
FINANCEIRA,1.0
IMITA,1.0
PANAMA,1.0
CARDIOLOGISTA,1.0
PRONTUARIO,1.0
GRAVA,1.0
LOCALIZACAO,1.0
COLOMBIA,1.0
ARTIFICIAL,1.0
INCLUIR,1.0
MELHOROU,1.0
ARGENTINA,1.0
HUMANIZADO,1.0
CERTIFICACAO,1.0
DESENVOLVIDA,1.0
PUNHO,1.0
PAGINA,1.0
MUDANCAS,1.0
DESENVOLVEU,1.0
LIBERAL,1.0
ASSUMIU,1.0
FAUNA,1.0
VERSAO,1.0
APRESENTADOS,1.0
FRAUDADOS,1.0
UTILIZADO,1.0
DESATUALIZADOS,1.0
FALSOS,1.0
PRODUZIDA,1.0
CARACTERIZADORES,1.0
REQUISITADOS,1.0
PARAMETROS,1.0
OBRIGADA,1.0
PORTADORA,1.0
CONFECCIONADOS,1.0
QUADROS,1.0
CORRESPONDIAM,1.0
INTEGRACAO,1.0
INDICOU,1.0
II,1.0
IRREGULARIDADE,1.0
LOBOS,1.0
COORDENADORA,1.0
CRISTINA,1.0
INFELIZMENTE,1.0
ADENTRANDO,1.0
ATINGIU,1.0
RELIGIOSOS,1.0
REABILITACAO,1.0
PREVISTOS,1.0
VELAS,1.0
SOROCABA,1.0
QUADRADOS,1.0
RECINTOS,1.0
INALARAM,1.0
MINIMA,1.0
FRAUDAR,1.0
FEITOS,1.0
ARTISTICAS,1.0
CONTIDOS,1.0
LIVES,1.0
VOTACAO,1.0
CRICIUMENSES,1.0
CONVICTO,1.0
SUPLENTE,1.0
ESPERANDO,1.0
DISPUTOU,1.0
VEREADORES,1.0
OFICIALIZARAM,1.0
AMPLIADO,1.0
BH,1.0
TSE,1.0
VOTAM,1.0
PROIBE,1.0
SOFRIMENTO,1.0
USARAM,1.0
FISCAIS,1.0
ASSINADOS,1.0
PODIAM,1.0
IDENTIFICADA,1.0
RESULTARAM,1.0
INDICADOR,1.0
ADMINISTRATIVAMENTE,1.0
PREENCHIAM,1.0
INCISO,1.0
ABSOLVEU,1.0
FORJAR,1.0
ARTIGO,1.0
CARACTERIZAM,1.0
CONDENE,1.0
POLITICA,1.0
RICKARDO,1.0
AUDIOLOGICA,1.0
DIPLOMA,1.0
INDICADA,1.0
COOPERATIVAS,1.0
SOLICITAR,1.0
SOLICITADO,1.0
MATTOS,1.0
BENEFICARIOS,1.0
PREVISAO,1.0
RECEBI,1.0
AULAS,1.0
CARR,1.0
PROCURARAM,1.0
SENTI,1.0
APROXIMOU,1.0
DORMIU,1.0
FIBROSO,1.0
AUTOIMOLASSE,1.0
PAREI,1.0
FERIDA,1.0
VISTOS,1.0
RECURSO,1.0
ANALISE,1.0
EXPLICACAO,1.0
CESSARAM,1.0
MARCADA,1.0
CLASSIFICACAO,1.0
PADRAO,1.0
DEI,1.0
SUCESSO,1.0
SEGUINDO,1.0
AUXILIOS,1.0
TODAVIA,1.0
RAPHAEL,1.0
ALBERTO,1.0
INDEFERIMENTO,1.0
INCAPACIDADE,1.0
DIVALDO,1.0
INCERTO,1.0
ENORME,1.0
FUNCIONOU,1.0
RELAXADA,1.0
NOTEI,1.0
EXPECTATIVAS,1.0
RAIVA,1.0
ESPERO,1.0
FICO,1.0
PEDIATRIA,1.0
RAZAO,1.0
AUTOINFLIGIDOS,1.0
NOTAS,1.0
NERVOSA,1.0
INCISAO,1.0
MEDIO,1.0
VERMELHIDAO,1.0
EMOCIONAIS,1.0
ENCONTRAR,1.0
JORNALISTA,1.0
DURAMENTE,1.0
PREOCUPO,1.0
ASSINEI,1.0
DOENTE,1.0
CORTEI,1.0
ACHARAM,1.0
BOMBA,1.0
ENVOLTO,1.0
ODEIA,1.0
AFETAR,1.0
DEDICAR,1.0
PARECIA,1.0
ACONTECERIA,1.0
VIVE,1.0
ESTUDEI,1.0
FECHARAM,1.0
DIZIAM,1.0
ESCONDIDAS,1.0
PROVOCADO,1.0
REABRIR,1.0
EMITIDOS,1.0
CLIENTES,1.0
LEMBRADO,1.0
CONCEDER,1.0
MIDIA,1.0
QUESTAO,1.0
CONTAR,1.0
VISTO,1.0
INTERAGIR,1.0
PROPAGANDA,1.0
VISIVEIS,1.0
ALTERACOES,1.0
QUALIFICACAO,1.0
OTIMA,1.0
DICA,1.0
OBRIGACOES,1.0
CONSTAR,1.0
CAPAZES,1.0
VISUAIS,1.0
W,1.0
AUTOPROMOCAO,1.0
DEVER,1.0
CFM,1.0
GODOY,1.0
GERAR,1.0
FORMATO,1.0
SEGUIDORES,1.0
PRODUZIR,1.0
RQE,1.0
PORTFOLIO,1.0
RESSALTAR,1.0
REPRESENTACOES,1.0
DESTACAR,1.0
BLOG,1.0
IMPRESSO,1.0
AUDIOVISUAL,1.0
VIRTUAL,1.0
CONSEGUISSE,1.0
ATENTO,1.0
DIGITACAO,1.0
RELATORIO,1.0
JORNALISMO,1.0
ASSISTA,1.0
ALVES,1.0
ETAO,1.0
SOLICITADOS,1.0
ATESTADO,1.0
APRESENTANDO,1.0
INCERTA,1.0
RETORNEI,1.0
RECORRER,1.0
BENEFICIOS,1.0
LEGIVEL,1.0
COLUNA,1.0
DURACAO,1.0
CID,1.0
INDISCRIMINADA,1.0
APROVEITE,1.0
ADVERTENCIAS,1.0
CONAR,1.0
CORPORAIS,1.0
LEMBRE,1.0
REGULAMENTAM,1.0
DESENVOLVER,1.0
CURRICULO,1.0
SANCOES,1.0
TECNICO,1.0
INFORMATIVO,1.0
INTUITO,1.0
ENTENDEM,1.0
UTILIZAR,1.0
VISAM,1.0
PREPARAR,1.0
SOFRIAM,1.0
AQUILO,1.0
INCHAR,1.0
COMER,1.0
ODEIO,1.0
CORTARAM,1.0
IMAGINAR,1.0
MUITOS,1.0
TOA,1.0
TENTO,1.0
IDEIA,1.0
HISTORIA,1.0
REACOES,1.0
ENFRENTAR,1.0
CARREGA,1.0
INCRIVEL,1.0
ADOLESCENTE,1.0
PROVA,1.0
CONSIGO,1.0
CONTROLE,1.0
DOLOROSOS,1.0
COMPLETAMENTE,1.0
IMPEDE,1.0
DEIXARAM,1.0
EGOISTA,1.0
CONVERSAR,1.0
ANDAR,1.0
RUIM,1.0
AFETE,1.0
COMECAM,1.0
PRETA,1.0
MORRIAM,1.0
ACABO,1.0
TATUAGENS,1.0
OBSTACULOS,1.0
FLUXO,1.0
PENSAVAM,1.0
PARECEM,1.0
DESPERTEI,1.0
SUPRIMENTOS,1.0
AMOROSO,1.0
AJUDADO,1.0
HIPERTENSO,1.0
REGISTRADA,1.0
GENEROSO,1.0
DESCANSE,1.0
GESTOS,1.0
CONTABILIZAR,1.0
VERDADEIRO,1.0
NASCEU,1.0
SANTIAGO,1.0
LAMENTANDO,1.0
USUARIO,1.0
EXERCITO,1.0
EXERCEU,1.0
CURVA,1.0
PARTES,1.0
TERMO,1.0
MUSCULAR,1.0
ADORAVA,1.0
FASCIOTOMIA,1.0
ESTRANHOS,1.0
BUSCANDO,1.0
PERCEBI,1.0
RARA,1.0
CADEIRA,1.0
SEDADA,1.0
AH,1.0
SANGUINEO,1.0
RELACIONADO,1.0
CORTO,1.0
NERVOS,1.0
FREQUENCIA,1.0
ACREDITAM,1.0
DEDOS,1.0
MOSTREI,1.0
PAM,1.0
DESENHAR,1.0
PERGUNTO,1.0
EVIDENTES,1.0
CORTOU,1.0
VERGONHOSO,1.0
ESTARIA,1.0
DURO,1.0
FAVOR,1.0
SOLIDIFICA,1.0
RELATO,1.0
LESAO,1.0
ADORARIA,1.0
RECEBAM,1.0
ACUMULO,1.0
DIFICEIS,1.0
SECUNDARIO,1.0
DOLORIDA,1.0
CONSEGUIAM,1.0
FRIOS,1.0
DIMINUI,1.0
FICADO,1.0
CORTES,1.0
TALVEZ,1.0
SOU,1.0
INFUSAO,1.0
DESCOBRIR,1.0
NORMALIZAR,1.0
CIRURGICA,1.0
CHEGUEI,1.0
INCHADAS,1.0
EVITAVAM,1.0
BOAS,1.0
XINGADA,1.0
ACONTECIA,1.0
FAZIAM,1.0
ENFRENTEI,1.0
CALOMBO,1.0
JOHANNA,1.0
TOLERANTES,1.0
PULSACAO,1.0
PLANEJOU,1.0
ALCANCE,1.0
DEMORASSEM,1.0
REGULAR,1.0
EPISODIO,1.0
ACHAM,1.0
PEQUENO,1.0
DANCAVA,1.0
IMATURA,1.0
CRIANCA,1.0
PERGUNTOU,1.0
ASSEGURARAM,1.0
EXPERIMENTADO,1.0
CONTINUASSEM,1.0
MORFINA,1.0
MELHORANDO,1.0
DESAPROVACAO,1.0
MANTE,1.0
PODEREI,1.0
HEMORRAGIA,1.0
CORTAM,1.0
CONSENTIMENTO,1.0
RELACIONAR,1.0
INDO,1.0
TRATADA,1.0
ELEVADOR,1.0
TRANSFERIDA,1.0
INTERVALO,1.0
TORNO,1.0
FELIZ,1.0
VEICULACAO,1.0
AUTORREGULAMENTACAO,1.0
EXCLUSIVO,1.0
SIMON,1.0
BERNARDO,1.0
PASSADAS,1.0
COORDENADA,1.0
FABRICA,1.0
GESTORES,1.0
VARA,1.0
PARTICIPACAO,1.0
JUDICIAIS,1.0
PRIORIZOU,1.0
SOFISTICADO,1.0
PAGAMENTOS,1.0
INFINIDADE,1.0
ERRO,1.0
PROMOCAO,1.0
PERGUNTAMOS,1.0
PROPRIETARIO,1.0
FRANCA,1.0
REPETIR,1.0
VIABILIZAVAM,1.0
COMBINAR,1.0
PRESOS,1.0
EURO,1.0
OCORRIDOS,1.0
PASSIVA,1.0
FEDERALGOIASSAO,1.0
CUMPREM,1.0
ALUSAO,1.0
CREDITO,1.0
PRESO,1.0
FREDERICO,1.0
PRATICADOS,1.0
ATAS,1.0
EFETUADOS,1.0
RECOMENDA,1.0
CONTRIBUIU,1.0
FALSAS,1.0
LIDERES,1.0
SUPOE,1.0
SUDESTE,1.0
ABERTAMENTE,1.0
CHRISTOPHE,1.0
DISCIPLINAR,1.0
CLARAMENTE,1.0
VOZ,1.0
CONTATADO,1.0
CONTUNDENTE,1.0
DIRIGIDO,1.0
EPIDEMIA,1.0
FIGARO,1.0
INFECCIOSA,1.0
IMAGEM,1.0
CONFIRMAMOS,1.0
CONCILIACAO,1.0
PATOLOGIA,1.0
COLEGIO,1.0
MUNDIALMENTE,1.0
MEDITERRANEO,1.0
DEPARTAMENTAL,1.0
MENSAGEM,1.0
DENUNCIADO,1.0
JULGADA,1.0
EFEITOS,1.0
INDEVIDA,1.0
RECOMENDACOES,1.0
FALHAR,1.0
FRANCES,1.0
DEMONSTROU,1.0
LINGUA,1.0
PROMOVEM,1.0
INFRACAO,1.0
CORRUPCAO,1.0
POLITICOS,1.0
BENEFICOS,1.0
POLONIA,1.0
LEIA,1.0
SIC,1.0
VENDIA,1.0
FINALIDADE,1.0
PECULATO,1.0
DEFLAGROU,1.0
DEMONSTRA,1.0
TRAUMATOLOGIA,1.0
SUPOSTAS,1.0
GRAZIELE,1.0
SUPOSTAMENTE,1.0
APURACAO,1.0
DETIDOS,1.0
PERTENCENTES,1.0
IDENTICA,1.0
EMPRESARIAL,1.0
CRIMINAL,1.0
EQUIVOCO,1.0
RELATIVA,1.0
NECESSARIA,1.0
EMITIDA,1.0
CARGOS,1.0
CREDENCIAMENTO,1.0
DOMAIN,1.0
CNDT,1.0
FIZEREM,1.0
SOCIOS,1.0
ATENDA,1.0
PERMANENTE,1.0
REGULARIDADE,1.0
FRAUDADAS,1.0
UNIDOS,1.0
VIP,1.0
PROMOTORES,1.0
AGENTES,1.0
CAMAS,1.0
ILICITA,1.0
DISPUTAS,1.0
SUPOSTO,1.0
GESTOES,1.0
COORDENADAS,1.0
ORGANIZADO,1.0
JUSTIFICAR,1.0
SUPOSTA,1.0
PERMITIAM,1.0
COMPRAS,1.0
FATOS,1.0
CIRURGICAS,1.0
DOLAR,1.0
OBTIDAS,1.0
SUSPEITOS,1.0
ASA,1.0
APROPRIACAO,1.0
TAREFA,1.0
AUTORIZOU,1.0
CARTA,1.0
PARECE,1.0
COMPARTILHAMENTO,1.0
GAECO,1.0
EFEITO,1.0
ENVIADOS,1.0
LAVA,1.0
JATO,1.0
CHINA,1.0
REVELAM,1.0
CUMPRIDA,1.0
MESMOS,1.0
BANCARIAS,1.0
RAZOAVEL,1.0
EXPEDIDOS,1.0
CITADA,1.0
OMS,1.0
CHAPA,1.0
CRIMINAIS,1.0
PARTICIPA,1.0
PERIGOSA,1.0
ANDANDO,1.0
CORPORACAO,1.0
NATUREZA,1.0
PARTEM,1.0
ENCONTREM,1.0
SINPOLTEC,1.0
COGERP,1.0
REUNIRAM,1.0
RECLAMAM,1.0
RECONHECE,1.0
PERITOS,1.0
REALIZARAM,1.0
EFETIVO,1.0
CONTINUARAO,1.0
CORDAS,1.0
SUCEDIDAS,1.0
EXCEPCIONAIS,1.0
ALERTOU,1.0
SENTIDOS,1.0
LUBRIFICANTES,1.0
IMUNOLOGICAS,1.0
LUBRIFICACAO,1.0
EXCESSIVO,1.0
ANTI,1.0
LENTO,1.0
LACRIMEJAMENTO,1.0
PALPEBRAS,1.0
DIAGNOSTICADA,1.0
NADANDO,1.0
MERGULHOS,1.0
ESTIVEREM,1.0
REPRESENTANTES,1.0
PROPOSTAS,1.0
PRESCRITOS,1.0
REESTRUTURACAO,1.0
AUTISTAS,1.0
PRETENDE,1.0
PRESENCIALMENTE,1.0
PRINCIPAL,1.0
HOTEL,1.0
LUDOVICENSES,1.0
POTENCIAL,1.0
FAMILIAS,1.0
CONFIRMADO,1.0
ACEITAR,1.0
PARTICIPANTES,1.0
ADMIRAR,1.0
ZERO,1.0
DESAFIOS,1.0
CONTRIBUIR,1.0
RESUMIR,1.0
GERACAO,1.0
MANDATO,1.0
ENFRENTADO,1.0
SSP,1.0
MANUTENCAO,1.0
ENVIADAS,1.0
PROTESTO,1.0
COORDENADORIA,1.0
SALARIAL,1.0
HONRA,1.0
INFANCIA,1.0
MAJORADO,1.0
CONVITE,1.0
RESTRITO,1.0
DEPUTADO,1.0
REPUBLICANO,1.0
PARTIDARIA,1.0
ACOMPANHAMENTO,1.0
TABLETS,1.0
TORNOU,1.0
ELETRONICOS,1.0
RESOLVEU,1.0
FEIJOENSES,1.0
OPERAVA,1.0
CALDERON,1.0
NOGUEIRA,1.0
REFORCO,1.0
NORMALIZADO,1.0
ROSALDO,1.0
NOTEBOOKS,1.0
LAGRIMA,1.0
ENVELHECIMENTO,1.0
SORO,1.0
INFLAMATORIOS,1.0
VISUAL,1.0
RADIOFREQUENCIA,1.0
AFASTEI,1.0
SOBRECARREGADO,1.0
CONFIRMOU,1.0
FINADO,1.0
DADO,1.0
DESCULPAS,1.0
LE,1.0
CUJA,1.0
MUNDIAIS,1.0
NASCENDO,1.0
AFASTAMENTO,1.0
RECONHECIMENTO,1.0
OPERAR,1.0
RETOMADAS,1.0
PARTOS,1.0
NASCAM,1.0
ROMELL,1.0
SOBRECARREGANDO,1.0
ANTIALERGICOS,1.0
DESCONFORTOS,1.0
INICIAIS,1.0
PROVOCA,1.0
TURVACAO,1.0
SENTEM,1.0
RISCOS,1.0
ADEQUADO,1.0
LASER,1.0
FISIOLOGICO,1.0
CELULARES,1.0
ESPECILISTA,1.0
APARECER,1.0
DETALHOU,1.0
POSSUIR,1.0
APLICACAO,1.0
SUBSTANCIA,1.0
CURA,1.0
CRONICA,1.0
FATORES,1.0
VIVER,1.0
FASES,1.0
OCULARES,1.0
COMUM,1.0
PROVOCAR,1.0
ASSOCIADO,1.0
IRRITACAO,1.0
ANTIDEPRESSIVOS,1.0
SAL,1.0
COLIRIOS,1.0
CONVIVER,1.0
LUBRIFICAR,1.0
JOVENS,1.0
GOSTAM,1.0
MULTIFATORIAL,1.0
FERNANDO,1.0
LEVES,1.0
DISTINTAS,1.0
