,article,dataCollection,datePublished,link,portal,subtitle,title
0,"MARICÁ, 12h50: Praia de Ponta Negra fica lotada apesar de decretos proibirem atividades de lazer nas praias da cidade — Foto: Giovanna Pires/Inter TV RJ Mesmo com proibição para permanência nas praias de Maricá, na Região Metropolitana do Rio, a segunda-feira (7) de feriado é de muita aglomeração nos locais públicos da cidade. O distrito de Ponta Negra é um dos pontos mais frequentados. Durante todo o fim de semana, a população lotou praias, lagoas e canais da cidade, apesar do decreto municipal permitir apenas a prática de esportes nos lugares públicos. O uso de máscara em Maricá também é obrigatório e tem até multa para quem não utilizar a proteção. Mas o desrespeito à medida também acontece em diversos pontos da cidade. A Prefeitura de Maricá informou que todas as equipes da secretaria de Ordem Pública e Gestão do Gabinete Institucional (SEOP), responsável pela fiscalização, estão na ruas, porém, Maricá tem uma grande extensão territorial e, por isso, nem sempre é possível agir a tempo. Além disso, a Prefeitura também disse que vão ser adotadas, nos próximos dias, novas e mais rigorosas medidas de controle para reforçar a segurança dos moradores. As barreiras sanitárias proibindo a entrada de turistas na cidade funcionam, em pontos estratégicos de Maricá, até as 18h desta segunda-feira (7).",15-09-2020,2020-09-07 18:03:20.000000,https://g1.globo.com/rj/regiao-dos-lagos/noticia/2020/09/07/praias-de-marica-rj-tem-aglomeracao-no-feriado-da-independencia.ghtml,g1,"Decreto municipal proíbe a permanência nas praias e sete barreiras sanitárias funcionam em pontos estratégicos da cidade, impedindo a entrada de turistas, mas movimento é grande na cidade.","Praias de Maricá, RJ, têm aglomeração no feriado da Independência"
1,"Prainhas do noroeste ficam lotadas no feriado A praia de Santa Rosa, em Porto Rico, no noroeste do Paraná, registrou aglomeração de pessoas no domingo (6). Imagens mostram também tráfego intenso de barcos e lanchas às margens do Rio Paraná. O município de 2.5 mil habitantes recebeu mais de 18 de mil turistas no feriadão da Independência. Na praia, as pessoas não respeitaram o distanciamento social e não usavam máscaras. Porto Rico tem sete casos registrados da Covid-19 e nenhuma morte, de acordo com a Secretaria de Estado da Saúde (Sesa). O Paraná registra 142.388 diagnósticos e 3.539 óbitos pela doença. Aglomeração na Praia de Santa Rosa, em Porto Rico, no noroeste do Paraná — Foto: RPC/Reprodução Diante das imagens, o Ministério Público do Paraná (MP-PR) orientou, ainda no domingo, que a prefeitura tomasse providências. O acesso à rampa náutica foi interditado por um momento, mas acabou sendo liberado. O prefeito de Porto Rico, Evaristo Ghizoni Volpado (PTB), afirmou que decidiu reabrir as rampas porque avaliou que a aglomeração na cidade seria pior do que na água. Ele disse que não tem efetivo suficiente para fazer a fiscalização e que também teme pela segurança das equipes. A prefeitura tem cinco dias para responder ao pedido do MP-PR. Imagens mostram também tráfego intenso de barcos e lanchas às margens do Rio Paraná — Foto: RPC/Reprodução Veja mais notícias da região no G1 Norte e Noroeste.",15-09-2020,2020-09-08 00:08:42.000000,https://g1.globo.com/pr/norte-noroeste/noticia/2020/09/07/porto-rico-registra-aglomeracao-em-praia-as-margens-do-rio-parana.ghtml,g1,"Município do noroeste do estado tem 2,5 mil habitantes recebeu mais de 18 mil turistas no feriadão. Praia de Santa Rosa também teve tráfego intenso de barcos e lanchas.",Porto Rico registra aglomeração em praia às margens do Rio Paraná
2,"Confira as últimas atualizações da pandemia de coronavírus no Oeste Paulista Com a chegada da fase amarela do Plano São Paulo, os rios e represas da região de Presidente Prudente estiveram lotados desde o último sábado (5), devido ao feriado nacional prolongado em comemoração ao Dia da Independência do Brasil, celebrado nesta segunda-feira (7). No entanto, devido à pandemia do novo coronavírus, essa aglomeração pode aumentar as chances de contágio da doença. Vídeos enviados à TV Fronteira mostraram a movimentação intensa no Balneário Laranja Doce, em Martinópolis. As imagens mostram muitos carros com som alto, pessoas sem cumprir o distanciamento social, bebendo e dançando nas ruas ao redor da represa. Por conta da qualidade dos vídeos, não é possível notar se as pessoas estão usando máscaras. No entanto, a aglomeração foi constatada. Ainda nesta segunda-feira (7), diversas pessoas foram até o Balneário Laranja Doce. No Salto Botelho, que fica no Rio Aguapeí, em Lucélia, imagens de aglomeração de pessoas também foram compartilhadas com a TV Fronteira. Outro balneário que também teve registro de descumprimento do distanciamento social foi o de Presidente Epitácio. As fotos mostram a quantidade de pessoas na orla, na areia e a imensa fila de carros estacionados. Em Rosana, imagens também flagraram muitas pessoas se divertindo e querendo se refrescar nas águas dos rios Paraná e Paranapanema. Lucélia De acordo com a Secretaria de Assuntos Jurídicos de Lucélia, a Prefeitura enviou ofício ao batalhão da Polícia Militar, solicitando patrulhamento no Salto Botelho, nesta segunda-feira (7). Martinópolis Em Martinópolis, a Defesa Civil informou por meio e nota à TV fronteira, que o Departamento de Trânsito e Segurança Pública irá se reunir com as forças policiais. A Operação Verão no município tem início em outubro e é realizada até março de cada ano, no entanto, a Defesa Civil informou que já está sendo alinhado para que os trabalhos sejam antecipados. Panorama A Secretaria de Turismo de Panorama disse à TV Fronteira que o balneário municipal segue parcialmente fechado, podendo apenas ser usado a pista de caminhada. Informou ainda que o banho no rio, uso das áreas de camping e quiosques estão proibidos. O balneário municipal está fechado desde o dia 23 de março. Presidente Epitácio A Prefeitura de Presidente Epitácio disse à TV Fronteira que diante do decreto que permite a consumação em bares, restaurantes e afins, os quiosques da orla podem funcionar com a capacidade reduzida do estabelecimento. A Prefeitura ainda informou que está tomando as medidas cabíveis para intensificar a fiscalização para que a população e o comércio não venha a ser prejudicado por possível descumprimento de outros. Rosana A Prefeitura de Rosana informou à TV Fronteira que realiza campanha de conscientização em prevenção à proliferação do novo coronavírus durante o feriado prolongado. As equipes das secretarias de Turismo, Saúde e Vigilância Epidemiológica, acompanhadas pelo efetivo da Polícia Militar, estiveram no balneário no fim de semana, realizando ação educativa aos visitantes, com distribuição de panfletos, aferição de temperatura e orientações de dispersão às aglomerações. Com o aumento dos casos de contaminação e seguindo as determinações do Plano São Paulo de retomada consciente e faseada da economia devido à pandemia do novo coronavírus, bem como do artigo 9º do decreto municipal (nº 3.180/2020) de 10 de julho de 2020, que fala expressamente sobre a interdição das áreas de uso comum que geram aglomerações de pessoas, a Prefeitura anunciou na última segunda-feira (31), o reforço às medidas de interdição das áreas de quiosques, banho e camping, do balneário municipal por tempo indeterminado, devido ao descumprimento das regras de isolamento e distanciamento social por parte da população e visitantes. A medida tem como objetivo eliminar a concentração de pessoas em toda área de lazer para evitar o aumento do contágio, evitando dificultar ainda mais as ações dos órgãos de saúde. Uma equipe de fiscais da Prefeitura, acompanhada por força policial, está realizando e acompanhando as áreas interditadas do balneário. VÍDEOS: Coronavírus: perguntas e respostas VACINA: testes estão em andamento pelo mundo; SIGA as novidades Manual das máscaras: como fazer, como usar e a importância do uso Como se prevenir do coronavírus? Saiba quais os sintomas do coronavírus e quando procurar um médico Veja o que é #FATO ou #FAKE sobre o coronavírus Veja mais notícias em G1 Presidente Prudente e Região.",15-09-2020,2020-09-07 20:11:25.000000,https://g1.globo.com/sp/presidente-prudente-regiao/noticia/2020/09/07/feriado-prolongado-registra-aglomeracao-de-pessoas-em-rios-e-represas-da-regiao-de-presidente-prudente.ghtml,g1,Chegada da fase amarela do Plano São Paulo ao Oeste Paulista e calor intenso fizeram com que muitas pessoas se reunissem nas orlas e em bares dos balneários.,Feriado prolongado registra aglomeração de pessoas em rios e represas da região de Presidente Prudente
3,"Os passageiros enfrentaram ônibus cheios no BRT na manhã desta terça-feira (8). Na Estação do Mato Alto, no corredor Transoeste, os passageiros sinalizaram o descontentamento dentro dos veículos, que passavam lotados. Atualmente, 35 estações estão fechadas por causa de vandalismo ou furto de equipamentos. Muitos passageiros circulam de pé e aglomerados, desrespeitando as regras de distanciamento social. Passageira faz sinal de negativo para dizer que o ônibus do BRT está lotado — Foto: Reprodução/ TV Globo Segundo o decreto da prefeitura, duas pessoas vão poder ocupar o mesmo metro quadrado em pé nos corredores dos ônibus. Para isso, o chão dos coletivos precisa estar adesivado com imagens que orientem os passageiros a respeitar o distanciamento social. Estação do Mato Alto na manhã desta terça-feira (8) — Foto: Reprodução/ TV Globo Estação do BRT no Recreio dos Bandeirantes está praticamente destruída Vandalismo De acordo com a concessionária que administra o BRT, desde abril, 100 estações foram alvo de vândalos e assaltantes. Destas, ainda 35 estão fechadas por conta dos danos causados. A maioria destas estações fechadas não deve ser reaberta até o fim da pandemia. Cinquenta e oito pessoas já foram detidas por conta de depredações. O BRT Rio lançou uma campanha nas redes sociais para estimular a preservação das estações e evitar a depredação. Outro problema que prejudica o funcionamento do sistema é o calote, que representa 20% do total de passageiros. A Guarda Municipal já aplicou quase cinco mil multas contra pessoas que tentaram entrar sem pagar a passagem. Campanha do BRT mostra danos causados por roubo e vandalismo às estações — Foto: Reprodução/ TV Globo",15-09-2020,2020-09-08 10:26:51.000000,https://g1.globo.com/rj/rio-de-janeiro/noticia/2020/09/08/brt-circula-com-onibus-lotados-e-aglomeracao-35-estacoes-estao-fechadas-por-vandalismo-ou-furto.ghtml,g1,"Passageiros enfrentaram veículos lotados para chegar ao trabalho.Segundo o decreto da prefeitura, duas pessoas vão poder ocupar o mesmo metro quadrado em pé nos corredores dos ônibus.",BRT circula com ônibus lotados e aglomeração; 35 estações estão fechadas por vandalismo ou furto
4,"Uma viatura policial foi incendiada em frente à delegacia da cidade de Manicoré, interior do Amazonas, no sábado (5). De acordo com a Polícia Civil, o caso ocorreu depois que policiais realizaram uma fiscalização para coibir aglomeração em um bar da cidade. Segundo o delegado Caio Sabino, da 72 Delegacia Interativa de Polícia, após a fiscalização os suspeitos do crime deixaram o bar e seguiram para a sede da delegacia, levando combustível, e atearam fogo no veículo. A polícia informou que um dos suspeitos de envolvimento no ato de vandalismo foi identificado. Ele e outros suspeitos são procurados.",15-09-2020,2020-09-07 01:58:15.000000,https://g1.globo.com/am/amazonas/noticia/2020/09/06/viatura-policial-e-incendiada-em-cidade-no-am-apos-fiscalizacao-contra-aglomeracao-em-bar.ghtml,g1,Polícia informou que um dos suspeitos de envolvimento no caso foi identificado. Ele e outros suspeitos são procurados.,Viatura policial é incendiada em cidade no AM após fiscalização contra aglomeração em bar
5,"O fim de semana prolongado, que emendou com o feriado do Dia da Independência, comemorado nesta segunda-feira (7), foi de praias, parques e bares lotados pelo Brasil. Mesmo com restrições e limitações impostas por prefeituras e governos estaduais para conter a disseminação do novo coronavírus, brasileiros se aglomeraram em espaços de lazer e em festas particulares. A situação ocorreu nos estados do Rio de Janeiro, São Paulo, Ceará e Rio Grande do Norte, entre outros. O Brasil tem 126.736 mortes registradas e 4.139.257 casos confirmados de Covid-19, segundo o levantamento divulgado às 13h pelo consórcio de veículos de imprensa com secretarias estaduais de Saúde. Na média móvel de mortes, 14 estados estão em situação de estabilidade, 12 estão em queda e apenas um, Amazonas, apresenta alta. Veja como foi a situação nos estados: Rio de Janeiro Praias do Rio ficam lotadas no feriado de Sete de Setembro Feriado do Dia da Independência do Brasil de praias lotadas no Rio de Janeiro em plena pandemia de Covid 19, nesta segunda-feira, 7 de Setembro. — Foto: Erbs jr./Framephoto/Estadão Conteúdo As praias e os pontos turísticos do Rio voltaram a ficar cheios nesta segunda (7). Apesar das restrições ao banho de sol, muitos cariocas e turistas usam barracas e cadeiras de praia. Havia filas até para o chuveirinho. Em Niterói, as praias também lotaram. O decreto do prefeito Marcelo Crivella autoriza apenas o banho de mar, e não a permanência na areia. Quem preferiu aproveitar a folga para visitar os pontos turísticos da cidade encontrou filas. No Jardim Botânico, na Zona Sul, muitas pessoas aguardavam para entrar no Parque Lage por volta das 11h50. Também há registros de grande movimentação no Cristo Redentor e no Pão de Açúcar. Na madrugada, bares tiveram aglomeração. Em Maricá, na Região Metropolitana do Rio, o dia também foi de praias lotadas. O mesmo ocorreu em Cabo Frio. 7 de setembro - Praia de Ipanema cheia no feriado — Foto: Luiz Gomes/Fotoarena/Estadão Conteúdo CABO FRIO, 11h30: Feriado da Independência atrai turistas para a Região dos Lagos e deixa a Praia do Forte lotada nesta segunda-feira (7) — Foto: Paulo Henrique Cardoso/G1 São Paulo Turistas aproveitam o sol e calor nas praias de Ubatuba Baile funk vira a madrugada na zona leste de SP O final de semana prolongado ensolarado lotou as praias do litoral de São Paulo. Foi assim na Praia Grande, em Ubatuba, no litoral norte, onde muitos banhistas desrespeitaram a recomendação dos órgãos de saúde para o uso da máscara. Em Santos, houve oito afogamentos. A falta de máscaras ocorreu também em São Paulo: jovens se aglomeraram em um baile funk em Itaquera, na Zona Leste de São Paulo, na manhã desta segunda-feira (7). Ceará Turistas lotam praia de Jericoacoara, no interior do Ceará Lotação na orla da Praia de Iracema, em Fortaleza. — Foto: SVM As praias de Fortaleza e da Região Metropolitana foram os principais destinos de quem escolheu sair de casa durante o fim de semana, e o resultado foram registros de aglomerações em diversos pontos. Em Jericoacara, no litoral oeste do Ceará, as ruas lotaram na madrugada, assim com as praias durante o dia. Pernambuco Hotéis têm alta demanda na praia de Porto de Galinhas, em PE Comerciantes tomaram conta da Praia de Boa Viagem, na Zona Sul do Recife, nesta segunda (7) — Foto: Marlon Costa/Pernambuco Press Vista aérea da praia em Porto de Galinhas, no Litoral Sul de Pernambuco, no feriado de 7 de setembro — Foto: Reprodução/TV Globo Primeiro feriado após a retomada do comércio de praia em Pernambuco, o Dia da Independência, celebrado nesta segunda-feira (7), reuniu milhares de pessoas no litoral de todo o estado. As praias Porto de Galinhas, no Litoral Sul, e Boa Viagem, no Recife, ficaram lotadas. Rio Grande do Norte Praia da Redinha, em Natal, lotada de banhistas neste feriado de 7 de setembro, em Natal — Foto: Anna Alyne Cunha/Inter TV Cabugi Multidão se aglomera na Praia da Pipa, em Tibau do Sul — Foto: Redes sociais Banhistas lotaram praias de Natal nesta segunda-feira (7). Muitas pessoas não usavam máscaras, o que é obrigatório durante a pandemia do novo coronavírus, conforme decreto estadual. Na praia da Redinha, na Zona Norte, as barracas estavam todas ocupadas. Apesar de os equipamentos estarem um pouco mais afastados que o normal, não parecia um cenário diferente de feriados antes da pandemia. Também não havia fiscalização ou orientação, por parte de agentes públicos. Na praia da Pipa, houve aglomeração de turistas à noite. Distrito Federal Sem desfile devido à pandemia, Bolsonaro gera aglomeração em ato do 7 de Setembro 7 de setembro - O presidente Jair Bolsonaro participa de cerimônia do 7 de setembro realizada no Palácio da Alvorada em Brasília (DF) — Foto: Andre Borges/AP O presidente Jair Bolsonaro participou na manhã desta segunda-feira (7) de solenidade no gramado do Palácio da Alvorada para comemorar o 198º aniversário da independência do Brasil. Ele e a primeira-dama Michelle Bolsonaro provocaram aglomeração ao cumprimentar e fazer fotos com apoiadores na grade do Alvorada. Até 800 pessoas tiveram autorização para assistir à cerimônia, informou a Secretaria de Comunicação. Não houve desfile. Veja fotos do fim de semana prolongado pelo Brasil: 7 de setembro - Porto de Galinhas registra grande movimento de turistas — Foto: Reprodução/TV Globo 7 de setembro - Praia do Pina, Zona Sul do Recife, lotada de banhistas no feriado da Independência — Foto: Bruno Fontes/TV Globo 7 de setembro - O presidente da República, Jair Bolsonaro, chega para assistir o hasteamento da bandeira do Brasil durante cerimônia do Dia da Independência no entorno do Palácio da Alvorada, em Brasília — Foto: Dida Sampaio/Estadão Conteúdo 7 de setembro - Bolsonaro cumprimenta apoiadores na cerimônia do 7 de Setembro — Foto: TV Brasil 7 de setembro - O presidente Jair Bolsonaro participa de cerimônia do 7 de setembro realizada no Palácio da Alvorada em Brasília (DF) — Foto: Andre Borges/AP 7 de setembro - A primeira-dama Michelle Bolsonaro participa de cerimônia do 7 de setembro realizada no Palácio da Alvorada, em Brasília (DF) — Foto: Andre Borges/AP 7 de setembro - O senador Flávio Bolsonaro participa da cerimônia do 7 de setembro no entorno do Palácio da Alvorada, em Brasília — Foto: Gabriela Biló/Estadão Conteúdo 7 de setembro - O presidente Jair Bolsonaro participa de cerimônia do 7 de setembro realizada no Palácio da Alvorada em Brasília (DF), nesta segunda-feira (7). O evento foi restrito a convidados e imprensa, devido à pandemia da Covid-19, para evitar aglomerações. Porém apoiadores do presidente compareceram ao local — Foto: Cláudio Marques/Futura Press/Estadão Conteúdo 7 de setembro - Sem máscara, o presidente Jair Bolsonaro desfila com crianças na cerimônia do 7 de Setembro — Foto: Andre Borges/AP 7 de setembro - O presidente Jair Bolsonaro participa de cerimônia no Palácio da Alvorada, em Brasília (DF) — Foto: Alan Santos/PR 7 de setembro - A primeira-dama Michelle Bolsonaro participa de cerimônia do 7 de setembro realizada no Palácio da Alvorada, em Brasília (DF) — Foto: Carolina Antunes/PR 7 de setembro - Jovens se aglomeram em baile funk em Itaquera, na Zona Leste de SP — Foto: Reprodução Globocop 7 de setembro - Praia de Boa Viagem, Zona Sul do Recife, ficou lotada de banhistas nesta segunda — Foto: Marlon Costa/Pernambuco Press 7 de setembro - CABO FRIO, 11h30: Feriado da Independência atrai turistas para a Região dos Lagos e deixa a Praia do Forte lotada — Foto: Paulo Henrique Cardoso/G1 7 de setembro - Turistas se aglomeram em alguns trechos da Praia de Porto de Galinhas, em Ipojuca, no Litoral Sul de Pernambuco — Foto: Anchieta Américo/TV Globo 7 de setembro - Praia de Porto de Galinhas tem grande movimento de turistas neste feriado de Dia da Independência — Foto: Ezequiel Quirino/TV Globo 7 de setembro - Fila para entrar no Parque Lage, no Rio de Janeiro — Foto: Reprodução/TV Globo 7 de setembro - Praia de Ipanema cheia no feriado — Foto: Luiz Gomes/Fotoarena/Estadão Conteúdo 7 de setembro - MARICÁ, 12h50: Praia de Ponta Negra fica lotada apesar de decretos proibirem atividades de lazer nas praias da cidade — Foto: Giovanna Pires/Inter TV RJ 7 de setembro - Praia da Costa, em Vila Velha, no Espírito Santo — Foto: Samy Ferreira / TV Gazeta 7 de setembro - Praia do Futuro registrou movimento intenso durante a manhã desta segunda (7) — Foto: José Leomar 7 de setembro - Na Avenida Boa Viagem, no Recife, pessoas sem máscara circulavam nesta segunda — Foto: Marlon Costa/Pernambuco Press 7 de setembro - Praias de Maceió ficam lotadas no feriado da Independência do Brasil — Foto: Carol Sanches/TV Gazeta 6 de setembro - Movimento na praia de Boa Viagem, na cidade do Recife (PE) — Foto: Pedro de Paula/Código19/Estadão Conteúdo 6 de setembro - Movimentação na Praia de Ipanema, no Rio de Janeiro (RJ) — Foto: Gabriel Bastos/Futura Press/Estadão Conteúdo 6 de setembro - Milhares de veículos descem para o litoral paulista na manhã deste — Foto: Reprodução/Ecovias 6 de setembro - Movimentação na Praia de Ipanema, no Rio de Janeiro — Foto: Bruna Prado/AP 6 de setembro - Movimentação na Praia de Ipanema, no Rio de Janeiro — Foto: Bruna Prado/AP 6 de setembro - Praias de Fortaleza registram lotação neste domingo — Foto: SVM 6 de setembro - Banhistas se aglomeram e lotam a praia da Ponta Negra, em Manaus (AM) — Foto: Edmar Barros/Futura Press/Estadão Conteúdo 6 de setembro - Aglomeração no Lago Paranoá, em Brasília — Foto: TV Globo/Reprodução 6 de setembro - Praça do Papa, Região Centro-Sul de BH — Foto: Gabriele Lanza/TV Globo 6 de setembro - Turistas aglomeram e deixam de usar máscara na Serra do Tepequém, em Roraima — Foto: Reprodução/Twitter/ktmmelo 6 de setembro - Banhistas se aglomeram e lotam a praia da Ponta Negra, em Manaus (AM) — Foto: Edmar Barros/Futura Press/Estadão Conteúdo 6 de setembro - Multidão se aglomera na Praia da Pipa, em Tibau do Sul — Foto: Redes sociais 6 de setembro - Praias de SP recebem milhares de banhistas durante feriado prolongado de Independência — Foto: Matheus Tagé/A Tribuna Jornal 6 de setembro - Pessoas aproveitam dia de sol e forte calor no espaço de gramado do Parque Ibirapuera, em São Paulo — Foto: Tiago Queiroz/Estadão Conteúdo 6 de setembro - Paulistanos tomam sol na área externa do lago do Parque do Ibirapuera, que está fechado nos finais de semana para evitar aglomerações. — Foto: Rodrigo Rodrigues/G1 6 de setembro - Muitos campineiros aproveitaram o de feriado ensolarado para passear com a família no Parque Taquaral, em Campinas — Foto: Leandro Ferreira/Fotoarena/Estadão Conteúdo 6 de setembro - Movimento de banhistas na Praia do Leblon, Rio de Janeiro — Foto: Wilton Junior/Estadão Conteúdo 6 de setembro - Lotação na orla da Praia de Iracema, em Fortaleza — Foto: SVM 6 de setembro - Praia da Boa Viagem, em Salvador — Foto: Almir Santos/ TV Bahia 5 de setembro - Vila de Jericoacoara registrou imensa aglomeração de pessoas na noite do sábado (5) — Foto: Edson Silva 5 de setembro - Aglomeração na praia de Maresias, em São Sebastião — Foto: Elton Ramos / PMSS 5 de setembro - Aglomeração nas ruas do Leblon , no Rio de Janeiro — Foto: Reprodução/ GloboNews",15-09-2020,2020-09-07 14:17:06.000000,https://g1.globo.com/turismo-e-viagem/noticia/2020/09/07/aglomeracao-de-7-de-setembro-brasileiros-lotam-praias-bares-e-parques-no-feriado-da-independencia-fotos.ghtml,g1,"Em meio à pandemia de Covid-19, brasileiros aproveitaram feriado prolongado para viagem ou passeio. Litoral e capitais registram festas e lotação. Em Brasília, cerimônia do 7 de Setembro causou aglomeração.","Aglomeração de 7 de setembro: brasileiros lotam praias, bares e parques no feriado da Independência; FOTOS e VÍDEOS"
6,"Candidatos desrespeitam normas sanitárias durante pandemia No fim de semana, inúmeros partidos realizaram convenções partidárias para oficializar os nomes que vão concorrer à prefeitura de São Luís. Os eventos que deveriam ter sido restritos, por conta da pandemia de Covid-19, registraram inúmeras aglomerações e vários flagrantes de desrespeito as normas sanitárias impostas por meio de decreto no Maranhão. Eventos considerados de grande porte, estão proibidos de ser realizados no estado. Segundo o decreto estadual, estão apenas liberadas atividades que reúnam, no máximo, até 100 pessoas. Mesmo com as regras, os eventos realizados pelas maiores coligações partidárias para as eleições municipais de São Luís, aglomeraram milhares de pessoas durante o sábado e o domingo. Em meio à pandemia, convenção do PCdoB lota ginásio em São Luís (MA) — Foto: Reprodução/TV Mirante Nos locais, era possível perceber que não havia distanciamento social mínimo, como exige o decreto. No palco, muitos políticos foram vistos sem máscara, se abraçaram e até dançaram. No Maranhão, o uso de máscara é obrigatório em locais públicos ou privados, onde há circulação de pessoas. A multa para quem não usa pode chegar a R$ 2 mil e a fiscalização é realizada pela Vigilância Sanitária, órgão subordinado a Secretaria de Estado da Saúde (SES). No palco e sem máscara, candidatos do Republicanos dançam na convenção partidária realizada no sábado (12). — Foto: Reprodução/TV Mirante Em Coroatá, no interior do estado, as duas maiores convenções levaram milhares de pessoas as ruas do município. Em uma delas, o secretário estadual de Saúde do Maranhão, Carlos Lula, aparece dançando com políticos, em meio à aglomeração e sem máscara. Além de liderar a pasta estadual, Lula é presidente do Conass, o Conselho Nacional de Secretários Estaduais de Saúde. Secretário de Saúde do Maranhão, Carlos Lula, é flagrado sem máscara em evento político em Colinas (MA) — Foto: Reprodução/TV Mirante Na sexta-feira (11), o Ministério Público Eleitoral (MPE) e com representantes de 11 partidos, para definir regras para as eleições e evitar que situações perigosas nas convenções acontecessem. Por meio de nota, o secretário estadual de Saúde, Carlos Lula, informou que só tirou a máscara para falar e recolocou após o pronunciamento. Ele afirmou que participou do evento em caráter pessoal e não institucional. Convenção do Democratas em São Luís, reuniu milhares de pessoas em meio à pandemia de Covid-19. — Foto: Reprodução/TV Mirante",15-09-2020,2020-09-15 00:32:14.000000,https://g1.globo.com/ma/maranhao/eleicoes/2020/noticia/2020/09/14/em-meio-a-pandemia-convencoes-partidarias-reunem-milhares-de-pessoas-e-causam-aglomeracoes-no-maranhao.ghtml,g1,"Eventos partidários reuniram milhares de pessoas em São Luís e em cidades do interior do Maranhão. Em vídeo divulgado nas redes sociais durante evento, o secretário estadual de Saúde é flagrado dançando e sem máscara em meio à aglomeração.","Em meio à pandemia, convenções partidárias reúnem milhares de pessoas e causam aglomerações no Maranhão"
7,"Principal rua de Canoa Quebrada, a Broadway registrou lotação na noite deste sábado (5). — Foto: Arquivo pessoal Cenário paradisíaco, a praia de Canoa Quebrada, no litoral leste, é um dos principais destinos turísticos do Ceará. Neste final de semana, o lugar foi palco de lotação e uma série de desrespeitos às normas de segurança sanitárias impostas para conter o avanço da pandemia do novo coronavírus. ""Parece réveillon"", relatou ao G1 um morador da região. Noite de Jericoacoara tem turistas aglomerados sem máscaras de proteção contra a Covid-19Mortes por Covid-19 voltam a crescer no Ceará enquanto média móvel no país cai pela 1ª vez Na noite deste sábado (5) e neste domingo (6), foram flagradas aglomerações na orla e em outros pontos da praia, como na Broadway, principal rua de Canoa Quebrada. O grande número de visitantes na praia causou espanto entre os moradores. De acordo com relatos e registros enviados ao G1, na noite de sábado, restaurantes, bares e ruas tinham aglomerações. E era visível a resistência dos turistas ao uso de máscaras, que é obrigatório em todo o Ceará. ""O que está acontecendo aqui é um absurdo. Estou apavorada, com medo do que vai acontecer"", relatou moradora que não quis se identificar. Neste domingo, foi registrado um intenso movimento em barracas de praia e, na orla, frequentadores estavam sem máscaras de proteção. A Prefeitura de Aracati informou que desde a última terça-feira (1º), dia em que a região foi reaberta para turistas, há uma fiscalização diária que atua nas praias do município e na Broadway. Conforme a prefeitura, pousadas, restaurantes, condutores de quadriciclos e buggys e artesãos devem obedecer a medidas protocoladas em um decreto emitido no último domingo (30), sobre a reabertura das atividades. O Executivo informou que a fiscalização é realizada pela Vigilância Sanitária, Guarda Municipal e a Polícia Militar do Ceará (PMCE) durante os dias e as noites, principalmente neste feriadão. Comércios fechados a partir das 22h De acordo com a Prefeitura, a maioria dos comerciantes locais está cumprindo as normas. Porém atitudes contrárias ao controle da pandemia são percebidas entre os turistas, que insistem em não usar máscaras de proteção ou realizam aglomerações. Para deter o desrespeito às medidas de contenção do vírus, um ""toque de recolher"" foi imposto na região. Às 22h, os estabelecimentos comerciais são fechados, e turistas devem voltar para suas acomodações. Taxa de reprodução O 41º boletim epidemiológico da Secretaria da Saúde do Ceará (Sesa) informou que a taxa de reprodução efetiva (Rt) do Litoral Leste/Jaguaribe e Sertão Central do Estado é de 1,0 - ou seja, cada pessoa transmite para outra. Essa taxa é maior do que a registrada no Ceará, que, no dia 29 de agosto, chegou a 0,67. Conforme o boletim, isso “pode significar manutenção das cadeias de transmissão e consequente continuação da epidemia”. O documento foi divulgado pela Sesa na última sexta-feira (4). A cidade de Aracati, onde fica localizada a praia de Canoa Quebrada, contabiliza 1.550 casos confirmados do novo coronavírus e 51 vidas perdidas para a doença. A incidência do município chega a 2.079,2. Os números são da atualização das 17h16, deste domingo, da plataforma IntegraSUS, gerida pela Sesa. Quase 100 pessoas foram multadas por não usarem máscara",15-09-2020,2020-09-06 21:26:34.000000,https://g1.globo.com/ce/ceara/noticia/2020/09/06/parece-reveillon-moradores-de-canoa-quebrada-relatam-aglomeracao-e-desrespeito-ao-uso-obrigatorio-da-mascara-neste-fim-de-semana.ghtml,g1,Praia no litoral leste é um dos principais destinos turísticos do Ceará.,'Parece réveillon': Moradores de Canoa Quebrada relatam aglomeração e desrespeito ao uso obrigatório da máscara neste fim de semana
8,"Força-Tarefa realizou operação na madrugada deste sábado (5) em São Carlos — Foto: Divulgação A Força-Tarefa de São Carlos (SP), formada por representantes da Guarda Civil Municipal (GCM), Polícia Militar, Procon e do Departamento de Fiscalização, realizou uma operação na noite de sexta-feira (4) e madrugada deste sábado (5) na região do Kartódromo e dos condomínios Damha. De acordo com o Departamento de Fiscalização, um representante de um desses condomínios denunciou a realização de rachas de veículos e aglomeração de pessoas nas avenidas. Uma equipe foi enviada até o local e coibiu as condutas. Em seguida, a Força-Tarefa foi até o Parque do Kartódromo para garantir que também não houvesse aglomeração de pessoas. Além disso, um estabelecimento foi interditado e três notificados por descumprimento das regras do Plano São Paulo. Segundo o Secretário de Segurança Pública e Defesa Social, Samir Gardini, a operação teve como objetivo manter a ordem, moralidade, segurança e sossego público aos moradores da região. Veja mais notícias da região no G1 São Carlos e Araraquara.",15-09-2020,2020-09-05 13:12:10.000000,https://g1.globo.com/sp/sao-carlos-regiao/noticia/2020/09/05/forca-tarefa-realiza-operacao-para-coibir-rachas-e-aglomeracao-em-sao-carlos.ghtml,g1,"Grupo formado por representantes da Guarda Civil Municipal (GCM), Polícia Militar, Procon e do Departamento de Fiscalização esteve em duas regiões da cidade.",Força-tarefa realiza operação para coibir 'rachas' e aglomeração em São Carlos
9,"As praias de São Sebastião ficaram cheias pelo segundo dia seguido neste feriado prolongado da Independência. A prefeitura estima que 60 mil turistas visitam a cidade neste feriado. Praia de Cambury, em São Sebastião — Foto: Elton Ramos / PMSS Além dos turistas, São Sebastião registrou um aumento no número de moradores fixos desde o início da pandemia. São pessoas que não moravam no município, mas optaram em ficar na cidade durante o período de isolamento social. Nas praias de Cambury e Barra do Sahy, houve aglomeração de pessoas e pouca gente usava máscaras, segundo imagens enviadas pela prefeitura. A mesma situação aconteceu em outras praias, como Maresias, de acordo com registros nas redes sociais. A prefeitura organiza barreiras desde a manhã de sexta no Jaraguá e Canto do Mar, bairros da Costa Norte no limite com Caraguatatuba, e em Boraceia, na Costa Sul, no limite com Bertioga. Os turistas e moradores que chegam a São Sebastião têm a temperatura corporal medida pelas equipes e responderão breve questionário, além de serem monitorados e orientados sobre possíveis sintomas. Os pneus dos veículos serão desinfetados. São Sebastião pediu ajuda ao Estado neste feriado para evitar que a alta do movimento de turistas aumente a transmissão de coronavírus. Nas outras cidades do litoral norte também há barreiras sanitárias e controle para evitar aglomerações. Movimento na Barra do Sahy, praia de São Sebastião — Foto: Elton Ramos / PMSS",15-09-2020,2020-09-06 20:07:10.000000,https://g1.globo.com/sp/vale-do-paraiba-regiao/noticia/2020/09/06/sao-sebastiao-registra-praias-lotadas-e-aglomeracao-pelo-segundo-dia-seguido.ghtml,g1,Prefeitura acredita que 60 mil turistas visitam São Sebastião no feriado,São Sebastião registra praias lotadas e aglomeração pelo segundo dia seguido
10,"Desfile de 7 de Setembro contou com a participação de 4 mil pessoas no ano passado em Palmas — Foto: Reprodução/TV Anhanguera Muitos eventos no Tocantins foram cancelados por causa da pandemia da Covid-19. O tradicional desfile de 7 de Setembro também não será realizado em Palmas, para evitar aglomeração. Mas para a data não passar em branco, a orquestra da Guarda Metropolitana está produzindo um vídeo em homenagem ao Dia da Independência do Brasil. As atividades da orquestra jovem da Guarda estavam paradas desde maio. Alguns integrantes retornaram nesta sexta-feira (4) para gravar o vídeo. ""Nós não poderíamos deixar passar em branco. Vamos fazer, vamos homenagear o nosso 7 de Setembro, fazendo esse vídeo e divulgando também parte do nosso trabalho"", relatou o maestro da orquestra, inspetor Rênison Oliveira. O grupo é formado por cerca de 60 pessoas. Para evitar aglomeração na gravação, o número de participantes foi reduzido. ""Acredito que esse é um projeto social que ajuda muitas pessoas e hoje a gente está fazendo essa homenagem, já é algo muito marcante para a gente"", disse o saxofonista Bruno Marinho. Desfile da Independência é cancelado em Palmas para evitar aglomeração O desfile não será realizado visando medidas de segurança adotadas em prevenção ao novo coronavírus. Segundo a Secretaria Estadual da Educação, a temática será abordada de forma remota com os estudantes do ensino médio. No ano passado, o desfile em Palmas contou com a participação de 4 mil pessoas. Além de estudantes das escolas públicas da capital, alunos das unidades de ensino do interior do estado também desfilaram. O estudante Paulo Henrique dos Santos já se preparava para o desfile deste ano e vai sentir falta de participar do evento. ""Eu sinto muita saudade, é muito emocionante saber que estou honrando a minha pátria, na hora do desfile, no dia da Independência, dia tão importante para o Brasil"". Veja mais notícias da região no G1 Tocantins.",15-09-2020,2020-09-05 18:52:32.000000,https://g1.globo.com/to/tocantins/noticia/2020/09/05/tradicional-desfile-de-7-de-setembro-e-cancelado-em-palmas-para-evitar-aglomeracao.ghtml,g1,Orquestra da Guarda Metropolitana está produzindo um vídeo para fazer homenagem ao Dia da Independência do Brasil.,Tradicional desfile de 7 de Setembro é cancelado em Palmas para evitar aglomeração
11,"A Prefeitura de Rifaina (SP) vai reforçar a fiscalização no município entre sábado (5) e segunda-feira (7) em virtude do feriado da Independência do Brasil. Ao todo, 40 fiscais, entre equipes da Prefeitura, Polícia Militar, Polícia Rodoviária e Guarda Civil Municipal devem participar da operação. O objetivo é inibir aglomerações de turistas na região da represa do Jaguara, lojas e supermercados. Na fase laranja do Plano São Paulo por pertencer ao Departamento Regional de Saúde 8, com sede em Franca (SP), o acesso à orla da praia artificial, áreas públicas às marges da represa, rampas de acesso náuticos e rampa municipal segue fechado. Praia artificial de Rifaina (SP) está fechada por conta do coronavírus — Foto: EPTV/Reprodução Bares e restaurantes também não podem abrir. Somente os sistemas drive-thru e delivery estão autorizados. O uso de máscara é obrigatório em todos os espaços da cidade. Cláudio Masson, secretário municipal de Turismo, afirma que por conta das restrições impostas pela pandemia não é possível calcular quantos turistas Rifaina deve receber no feriado prolongado, mas já se sabe que há procura por aluguel de ranchos e reservas em hotéis para o final de semana. ""Nós criamos a operação feriado com o reforço de toda a segurança. Os fiscais vão fazer o monitoramento de toda a cidade, fiscalização na orla da praia e no calçadão e uma moto aquática para ver como estarão os pieres e as rampas, que também estão interditadas"", explica. Além disso, nas portas do comércio e dos supermercados haverá fiscais da Prefeitura para inibir a entrada de clientes sem máscaras ou em grandes grupos. De acordo com Masson, policiais militares e rodoviários vão fiscalizar o acesso a condomínios e ranchos nas estradas vicinais Osvaldo Gilberto e José Pereira Guimarães. Até esta quinta-feira (3), Rifaina registra 44 casos positivos do novo coronavírus e dois óbitos causados por complicações da doença. Banhistas passeiam de lanchas em Rifaina, SP — Foto: Jefferson Severiano Neves/EPTV VÍDEOS: Coronavírus: perguntas e respostas VACINA: testes estão em andamento pelo mundo; SIGA as novidades Manual das máscaras: como fazer, como usar e a importância do uso Como se prevenir do coronavírus? Saiba quais os sintomas do coronavírus e quando procurar um médico Veja o que é #FATO ou #FAKE sobre o coronavírus Veja mais notícias da região no G1 Ribeirão Preto e Franca",15-09-2020,2020-09-03 09:21:20.000000,https://g1.globo.com/sp/ribeirao-preto-franca/noticia/2020/09/03/rifaina-sp-reforca-fiscalizacao-para-evitar-aglomeracao-de-turistas-no-feriado-prolongado.ghtml,g1,Efetivo de segurança terá cerca de 40 pessoas entre sábado (5) e segunda-feira (7). Acesso à orla da praia artificial e áreas públicas às margens da represa de Jaguara segue proibido.,"Rifaina, SP, reforça fiscalização para evitar aglomeração de turistas no feriado prolongado"
12,"Barreira foi montada em São Roque com o objetivo de evitar aglomeração — Foto: Reprodução/ TV TEM Uma barreira foi montada em São Roque (SP) com o objetivo de evitar a aglomeração com a chegada de turistas no fim de semana prolongado pelo feriado de 7 de setembro. Segundo a Guarda Civil Municipal, haverá blitz nas principais entradas da cidade, para monitoramento e cumprimento do decreto municipal que proíbe a entrada e circulação de ônibus e vans de turismo. Os veículos particulares estão autorizados a passar. Barreira é montada em São Roque para evitar aglomeração de turistas A Prefeitura de São Roque também anunciou que fará campanhas de orientação, principalmente por meio de carro de som. A ação está sendo feita com base na orientação do Plano São Paulo de Flexibilização, já que o estado está em quarentena desde 22 de março. O governo fez um apelo aos prefeitos de cidades que são destinos turísticos para que adotem providências restritivas neste fim de semana prolongado do feriado. A preocupação é com a Baixada Santista e as 70 estâncias turísticas paulistas, entre elas Itu e São Roque. Veja mais notícias da região em G1 Sorocaba e Jundiaí",15-09-2020,2020-09-05 16:25:20.000000,https://g1.globo.com/sp/sorocaba-jundiai/noticia/2020/09/05/prefeitura-de-sao-roque-monta-barreira-para-evitar-aglomeracao-de-turistas.ghtml,g1,Controle está sendo feito no fim de semana prolongado pelo feriado de 7 de setembro.,Prefeitura de São Roque monta barreira para evitar aglomeração de turistas
13,"Servidores estão trabalhando na UBS Carla Nogueira, no Benedito Bentes, sem o distanciamento recomendado nesse período da pandemia do novo coronavírus — Foto: Arquivo pessoal Os servidores municipais da Unidade Básica de Saúde Carla Nogueira, no Benedito Bentes, em Maceió, reclamam de aglomeração na UBS e chamam atenção para o risco de contágio pela Covid-19. Segundo eles, a unidade agora está operando com o dobro de pessoas desde que absorveu a equipe de outra UBS, a Robson Cavalcante de Melo, que está em reforma. Em contato com o G1 nesta terça-feira (8), Fernando Cândido, presidente licenciado do Sindicato dos Agentes Comunitários de Saúde (Sindacs), contou que os servidores esperam que a Secretaria Municipal de Saúde apresente uma solução para garantir o distanciamento necessário nesse período de pandemia. ""Fizemos uma visita na unidade [Carla Nogueira] na semana passada e até agora nada foi resolvido. Os servidores continuam se aglomerando. Para citar um exemplo, na sala de triagem, onde cabe uma única pessoa, tem quatro técnicos de enfermagem trabalhando. Infelizmente, a secretaria não se manifesta, se nega a resolver algo simples"", lamentou Cândido. Por meio de nota, a Secretaria Municipal de Saúde negou a aglomeração e informou que a UBS Carla Nogueira ""possui capacidade para receber os profissionais da USF Robson Cavalcante enquanto durar a reforma"" e que ""a transferência temporária dos servidores foi feita por meio de uma decisão tomada com bastante análise e cautela, visando garantir a assistência e segurança dos usuários e servidores"" (leia na íntegra ao final do texto). Uma servidora, que pediu para não ser identificada, disse que está sendo difícil trabalhar em um espaço pequeno com outros funcionários durante uma pandemia. ""A gente está em uma salinha onde só há um computador para quatro pessoas. O certo seria ter no mínimo dois para realizarmos a triagem. Não temos espaço e nem condições para atender os pacientes. É impossível negar que está havendo aglomeração"", disse a servidora. Unidade Robson Cavalcante está em reforma — Foto: Arquivo pessoal Um outro servidor, que também não quis ser identificado, falou que tem faltado EPIs. ""É um problema constante e bastante comum a gente se deparar com a falta da máscara no dia a dia. Agora, além de toda a preocupação dos profissionais com a pandemia, ainda fomos surpreendidos com a notícia de que teríamos que acolher os colegas da unidade de saúde vizinha"". O sindicalista questiona o momento escolhido pelo Município para a reforma. ""A unidade foi feita para receber uma única equipe, mas tem o dobro de profissionais trabalhando em um pequeno espaço. Em relação à reforma, eles tiveram oito anos para fazer isso, mas resolveram fazer justamente agora na pandemia. É um absurdo"". Após a averiguação dos problemas denunciados pelos trabalhadores, o Sindacs e o Sindicato dos Odontólogos de Alagoas pretendem levar a questão ao Ministério Público do Trabalho (MPT). ""É necessário um planejamento para que, no mínimo, haja um rodízio entre esses profissionais. Dessa forma o distanciamento social será devidamente cumprindo, minimizando os riscos de contaminação"", concluiu Fernando Cândido. Veja abaixo a íntegra da nota da Secretaria Municipal de Saúde (SMS) A Secretaria Municipal de Saúde (SMS) informa que a denúncia sobre aglomeração de servidores na Unidade de Saúde da Família (USF) Carla Nogueira, localizada no Benedito Bentes, não procede, pois o local possui capacidade para receber os profissionais da USF Robson Cavalcante enquanto durar a reforma. A USF Carla Nogueira conta com dois blocos independentes e 22 salas, que abrigam, no momento, 34 servidores ativos e dois afastados pelo Decreto Municipal. Destes, 11 são agentes comunitários e realizam suas atividades em visitas domiciliares, o que exige maior parte do tempo fora da unidade. No caso das duas equipes da USF Robson Cavalcante há 24 profissionais ativos e seis afastados. Dos ativos, seis também atuam em visitas domiciliares. A SMS ressalta que a transferência temporária dos servidores foi feita por meio de uma decisão tomada com bastante análise e cautela, visando garantir a assistência e segurança dos usuários e servidores. Veja mais notícias da região no G1 AL",15-09-2020,2020-09-08 16:11:27.000000,https://g1.globo.com/al/alagoas/noticia/2020/09/08/servidores-da-saude-denunciam-aglomeracao-na-ubs-do-benedito-bentes-em-maceio.ghtml,g1,"Em meio à pandemia do coronavírus, que requer distanciamento, unidade funciona com o dobro da quantidade de profissionais desde que absorveu servidores de outra UBS, que está em reforma. Secretaria diz que há capacidade para todos os profissionais.","Servidores da Saúde denunciam aglomeração em UBS no Benedito Bentes, em Maceió"
14,"Banhistas provocam bombeiros em Balneário Camboriú em vídeo Um homem gravou um vídeo em Balneário Camboriú, no Litoral Norte, em que aparece debochando de guarda-vidas que faziam a fiscalização das regras de prevenção à Covid-19 na Praia Central. As imagens foram publicadas e circularam nas redes sociais. De acordo com a Guarda Municipal, o banhista que gravou o vídeo foi identificado e deve responder a um termo circunstanciado. Mapa da Covid-19: veja o número de casos e mortes em Balneário CamboriúMÉDIA MÓVEL: veja como estão os casos e mortes em SC ""Passa rápido, porque aqui não pode, cara, aqui não tem essa. Aqui 'nós' pode tudo"", disse o homem enquanto os socorristas passavam de triciclo na faixa de areia. ""Fica tranquila, não precisa, não precisa. Eu deixo sem [máscara], fica tranquila, eu aguento"", ainda diz o banhista no vídeo, ao ver duas mulheres caminhando na areia sem máscara, próximo aos guarda-vidas. Banhista hostilizou bombeiros em Balneário Camboriú e jovens se aglomeram na Praia Brava Em seguida, ao ver os socorristas se afastando, o homem aponta a câmera na direção do triciclo e volta a fazer provocações. ""Isso, vai embora, aqui não funciona. É assim que funciona em Balneário Camboriú, cara, se tu vai lá para [palavra inaudível], eles vão embora, viu."" O serviço de guarda-vidas é mantido na praia durante o ano todo. Na pandemia, os socorristas também têm fiscalizado o cumprimento dos decretos estaduais para prevenção do coronavírus, como a proibição do banho de sol e a obrigatoriedade do uso de máscara. Praias em SC ficam cheias mesmo com restrições por causa da Covid-19; veja regras A região de Balneário Camboriú está em nível grave de risco para o coronavírus, conforme o mapa de monitoramento mantido pelo governo estadual. A cidade tem tem 6.962 casos confirmados de Covid-19 e registra 86 mortes pela doença, segundo o último boletim da Secretaria Estadual de Saúde, no domingo. Durante o fim de semana, praias catarinenses ficaram cheias mesmo com restrições por causa da Covid-19. Em Itajaí, foi registrada aglomeração de pessoas em ruas da Praia Brava. Na cidade, são 6.974 casos confirmados de coronavírus, incluindo 156 mortes. Aglomeração na Praia Brava Na noite de domingo (13), a Guarda Municipal e a Defesa Civil, em apoio à Polícia Militar, dispersaram uma aglomeração de pessoas reunidas em duas quadras da Praia Brava Sul em uma operação para fiscalizar o descumprimento da medida que proíbe aglomerações. Imagens registradas por moradores mostram aglomeração, som alto e muitas pessoas sem máscara. Aglomeração de pessoas na praia Brava, em Itajaí, foi dispersada durante fiscalização — Foto: NSC TV/Reprodução Conforme informado pela Guarda Municipal, a maioria delas reunidas próxima a um estabelecimento localizado na rua Duilio Furlan, que foi interditado pela Vigilância Sanitária no início do mês passado por descumprir as normas de segurança. O local teria sido reaberto após conseguir na Justiça uma liminar que autorizou o funcionamento. Além da aglomeração, participantes de festa na rua deixaram garrafas de bebida espalhadas pelas vias da Praia Brava, em Itajaí — Foto: NSC TV/Reprodução VÍDEOS: Coronavírus: perguntas e respostas VACINA: testes estão em andamento pelo mundo; SIGA as novidades Manual das máscaras: como fazer, como usar e a importância do uso Como se prevenir do coronavírus? Saiba quais os sintomas do coronavírus e quando procurar um médico Veja o que é #FATO ou #FAKE sobre o coronavírus Veja outras notícias do estado no G1 SC",15-09-2020,2020-09-14 20:17:05.000000,https://g1.globo.com/sc/santa-catarina/noticia/2020/09/14/homem-debocha-de-guarda-vidas-em-video-durante-fiscalizacao-contra-a-covid-19-em-praia-balneario-camboriu.ghtml,g1,"Guarda Municipal identificou banhista e ele deve responder termo circunstanciado. Na praia Brava, em Itajaí, uma festa na rua com aglomeração foi encerrada na noite de domingo.",Homem debocha de guarda-vidas em vídeo durante fiscalização contra a Covid-19 em praia Balneário Camboriú
15,"Festa ilegal acontece em bar e PM autua dono de estabelecimento no Piauí A Polícia Militar do Piauí lavrou um Termo Circunstanciado de Ocorrência (TCO) contra um proprietário de um bar por ter gerado uma aglomeração e ter descumprido as medidas sanitárias contra o novo coronavírus na noite desse sábado (5) em Porto Alegre do Piauí, município a 397 km de Teresina. A corporação recebeu imagens de dezenas de pessoas sem máscaras, sem respeitar o distanciamento social e participando de uma festa ilegal no estabelecimento. Porém, segundo o comandante da PM de Guadalupe, capitão Reginaldo Sousa Filho, ao saberem da chegada da polícia, as pessoas fugiram do bar. Festa ilegal é flagrada em Porto Alegre do Piauí — Foto: Divulgação “Quando chegamos, nós realizamos as abordagens na entrada da cidade e vazou. Quando chegamos nesse bar, já não tinha ninguém. Mas, mesmo assim, com as filmagens que tínhamos, realizamos o TCO, ou seja, foram tomadas às providências”, disse ao G1. Após a lavratura do TCO, o documento foi encaminhado ao fórum da cidade de Marcos Parente. VÍDEOS: veja as notícias mais vistas do G1 Piauí",15-09-2020,2020-09-06 18:55:28.000000,https://g1.globo.com/pi/piaui/noticia/2020/09/06/dono-de-bar-e-autuado-apos-descumprir-medidas-sanitarias-e-causar-aglomeracao-no-piaui.ghtml,g1,"Ao chegar no local, as pessoas já haviam saído. Mas mesmo assim, foi lavrado um TCO contra o comerciante por descumprir as medidas sanitárias.",Dono de bar é autuado após descumprir medidas sanitárias e causar aglomeração no Piauí
16,"Bolsonaro participa sem máscara de cerimônia pelo 7 de Setembro e gera aglomeração Com o cancelamento do desfile cívico-militar de 7 de Setembro em razão da pandemia do novo coronavírus, o presidente Jair Bolsonaro participou na manhã desta segunda-feira (7) de solenidade no gramado do Palácio da Alvorada para comemorar o 198º aniversário da independência do Brasil. Ele e a primeira-dama Michelle Bolsonaro provocaram aglomeração ao cumprimentar e fazer fotos com apoiadores na grade do Alvorada. Até 800 pessoas tiveram autorização para assistir à cerimônia, informou a Secretaria de Comunicação. O evento, com a presença dos presidentes do Congresso, Davi Alcolumbre (DEM-AP); do Supremo Tribunal Federal, Dias Toffoli; e de ministros do governo, teve execução dos hinos Nacional e da Independência, hasteamento da bandeira e apresentação da Esquadrilha da Fumaça. Michelle Bolsonaro tira selfies com público presente em comemoração do Sete de Setembro Antes do início da cerimônia, usando máscara, a primeira-dama Michelle Bolsonaro se aproximou da grade para fazer fotos e distribuir cumprimentos, o que gerou aglomeração, o que não é recomendado pelos especialistas em saúde em razão da pandemia do coronavírus. Ela deu as mãos e pegou celulares de participantes para fazer fotos. Sem máscara, o presidente Jair Bolsonaro chegou ao evento no Rolls Royce presidencial, acompanhado de várias crianças, parte delas também sem máscaras. Ele cumprimentou participantes antes de se juntar às autoridades que ouviram a execução dos hinos Nacional, da Independência e a exibição dos aviões da Esquadrilha da Fumaça. Depois do evento, voltou a se aproximar da grade e fez ""selfies"" com apoiadores, provocando ajuntamento de pessoas. Jair Bolsonaro desfila em carro aberto no feriado de Sete de Setembro Há um mês, o Ministério da Defesa orientou as Forças Armadas (Exército, Marinha e Aeronáutica) a não participarem neste ano de eventos de 7 de setembro. Com isso, os tradicionais desfiles realizados na Esplanada dos Ministérios, em Brasília, e em outras cidades não acontecerão neste ano. Segundo o ministério, por causa da pandemia do coronavírus, ""não é recomendável pelas autoridades sanitárias a promoção de eventos que possam gerar aglomerações de público, devido ao risco de contaminação"". Em vídeo no qual aborda a importância da data, o ministro da Defesa, Fernando Azevedo, afirmou que a independência custou ""o sacríficio e a vida de muitos"" e que as Força Armadas fazem parte dessa história. ""O 7 de Setembro foi um passo fundamental para a construção da nação brasileira. As guerras de independência em terra e no mar custaram o sacrifício e a vida de muitos, contribuindo para a construção do país que temos hoje, unido, livre e soberano. As Forças Armadas fazem parte dessa história, de liberdade e amor à Pátria. Que a independência seja comemorada em todo o país. e principalmente no coração de todos nós"", afirmou o ministro. À noite, está programado um pronunciamento de aproximadamente quatro minutos de Bolsonaro em rede nacional de rádio e televisão. Pessoas aguardam na grade do Palácio do Alvorada para assistir ao evento de Sete de Setembro com a presença do presidente Jair Bolsonaro e ministros — Foto: Pedro Henrique Gomes",15-09-2020,2020-09-07 11:30:36.000000,https://g1.globo.com/politica/noticia/2020/09/07/sem-desfile-devido-a-pandemia-evento-do-7-de-setembro-reune-bolsonaro-e-ministros-no-alvorada.ghtml,g1,"Sem máscara, presidente chegou ao evento com crianças no Rolls Royce presidencial. Depois, cumprimentou apoiadores. Segundo governo, 800 pessoas tiveram autorização para assistir.","Sem desfile devido à pandemia, Bolsonaro gera aglomeração em ato do 7 de Setembro no Alvorada"
17,"Mais uma sexta-feira com registro de aglomeração em São Luís Mais uma sexta-feira com registro de aglomeração em São Luís. Na avenida Litorânea, muita gente sem máscara. E a situação se repetiu na Praia Grande. Parece encontro marcado, toda sexta-feira a noite a Praia Grande, no Centro Histórico de São Luís, vira um lugar de comportamentos perigosos. Mais uma sexta-feira com registro de aglomeração em São Luís. — Foto: Reprodução/TV Mirante. Há mais de um mês as cenas são mostradas pela TV Mirante e chamam a atenção pelo desrespeito às medidas de proteção, mas nunca nada foi feito. Os jovens se reúnem para curtir a noite sem respeitar as normas de prevenção contra o coronavírus. É aquela falsa sensação de que a pandemia já acabou e ninguém mais corre o risco de ser contaminado. As pessoas brincam com o perigo se aglomerando, quase ninguém usa máscara e mais uma vez não há nenhum tipo de fiscalização para orientar ou controlar a aglomeração. Na avenida Litorânea não tinha distanciamento nem para os carros. Estava difícil passar e estacionar. No parquinho alguns adultos e crianças não respeitavam a distância de segurança. Quem relaxa corre mais riscos, e os números mostram porque é tão importante ficar sempre em alerta. Só para se ter uma ideia, desde o dia 20 de agosto, o número de ativos, pessoas com a doença no Maranhão, se mantém estável, não passa de 8 mil casos. O Maranhão teve uma queda de 14% do número de mortes, mas ainda está na zona amarela, uma estabilidade preocupante. De acordo com os números da Covid divulgados pela Secretaria de Estado de Saúde (SES), foram notificadas mais de 10 mortes de quinta para sexta-feira. Agora o estado tem 3.488 óbitos e 157.052 casos notificados. Sair de casa pode, mas o passeio deve ser de máscara e com muita consciência. “Máscara, com certeza, e distanciamento. É o que a ciência comprova. Uma distância de um metro e meio, dois metros no máximo, as chances de transmissão é muito pouca”, destaca o médico Adan Brandão. “As pessoas têm que seguir as medidas certas de proteção”, afirmou a turismóloga Lúcia Guimarães. “As pessoas estão sem máscara. Eles perderam o medo da morte, banalizaram a morte, na verdade. Aquelas 105 mil vidas que se perderam, foi algo balizado”, declarou o advogado Diogo Moreira.",15-09-2020,2020-09-05 19:17:29.000000,https://g1.globo.com/ma/maranhao/noticia/2020/09/05/mais-uma-sexta-feira-com-registro-de-aglomeracao-no-centro-de-sao-luis.ghtml,g1,"Parece encontro marcado, toda sexta-feira a noite a Praia Grande, no Centro Histórico de São Luís, vira um lugar de comportamentos perigosos.",Mais uma sexta-feira com registro de aglomeração no Centro de São Luís
18,"Aglomeração para embarcar nos ônibus na Rodoviária de São Luís Depois de um período de isolamento mais rigoroso, algumas pessoas decidiram pegar a estrada e aproveitar o feriado prolongado. Na Rodoviária de São Luís, o movimento já começou na noite de sexta-feira (4). A projeção é um aumento de 25% no número de embarques e desembarques. De acordo com a administração da rodoviária, a movimentação dessa sexta só representa 40% do que era antes da pandemia. Aglomeração para embarcar nos ônibus na Rodoviária de São Luís. — Foto: Reprodução/TV Mirante. Para muita gente, comprar passagem não foi o mais difícil. “Os caixas eletrônicos que eles tiraram todos daqui”, reclamou, Isla Carla, que é técnica de meio ambiente. Suspender a quarentena e viajar, só com medidas de proteção. “Distanciamento é difícil, mas eu acho que tem que existir dentro bastante álcool e consciência, o principal é a consciência de cada um, usar máscara”, ressaltou o professor Esdlas Júnior. Na rodoviária, apesar do cuidado com a temperatura de quem ia embarcar, não havia controle de distanciamento na fila. A Agência Estadual de Mobilidade Urbana e Serviços (MOB), definiu regras e procedimentos para evitar a proliferação do novo coronavírus. Usar de máscara de proteção Lavar as mãos com água e sabãoNa falta de água usar álcool em gelNão tocar no rosto Vestir roupas limpas e trocar essas peças por outras limpas ao chegar ao destinoAs empresas devem também fazer a limpeza das superfícies de contato do ônibus como assentos, portas e barras Tomando os cuidados com a segurança é só aproveitar. “Cumprir o horário certinho, quando o ônibus chegar lá, e torcer que dê tudo certo”, afirmou o lavrador Edvan de Sousa. Posicionamento da MOB Sobre os problemas na Rodoviária de São Luís, mostrados na reportagem, a Agência Estadual de Mobilidade Urbana e Serviços Públicos (MOB), disse que está em vigor a portaria que trata sobre regras e procedimentos que devem ser aplicados nos terminais por veículos e embarcações de transportes intermunicipais de passageiros, com o objetivo de prevenir a Covid-19. A MOB disse, ainda, que irá intensificar as fiscalizações durante o feriado prolongado, em parceria com a EMAP, Polícia Militar e Civil, Corpo de Bombeiros e demais órgãos.",15-09-2020,2020-09-05 18:58:04.000000,https://g1.globo.com/ma/maranhao/noticia/2020/09/05/aumento-de-passageiros-causa-aglomeracao-para-embarcar-na-rodoviaria-de-sao-luis.ghtml,g1,"A movimentação de passageiros na Rodoviária de São Luís aumentou na noite dessa sexta-feira (4), por causa do feriado prolongado.",Aumento no número de passageiros causa aglomeração para embarcar na Rodoviária de São Luís
19,"Baianos fazem festas com aglomerações em cidades do interior no feriado prolongado Ao menos três cidades da Bahia registraram festas com muita aglomeração e com pessoas sem máscara, equipamento de proteção indicado para evitar a contaminação do novo coronavírus, durante o final de semana. Apesar da situação, novos casos da doença no estado são contabilizados diariamente. Segundo informações divulgadas pela Secretaria da Saúde do Estado (Sesab), na tarde de domingo (6), a Bahia tem 271.255 casos confirmados de pessoas infectadas pelo novo coronavírus e 5.658 mortes causadas pela Covid-19. Também no domingo, muitas pessoas estavam nas ruas e sem máscara durante uma festa em São Felix, no recôncavo baiano. Elas dançavam em meio à aglomeração e música alta que vinha de carros espalhados pelo local. De acordo com a Sesab, São Félix já tem 165 casos confirmados da Covid-19. Moradores de São Félix fazem festa durante o final de semana. — Foto: Reprodução / TV Bahia No sábado (5), uma festa com muitas pessoas foi registrada em Maragogipe, cidade que também fica no recôncavo da Bahia. Apesar do vídeo gravado pelos moradores estar com baixa luminosidade, dá para ver que as pessoas estavam sem máscara e também próximas uma das outras. A cidade já tem 662 casos confirmados do novo coronavírus, conforme a Sesab. Ainda no sábado, uma festa em um quiosque foi registrado em uma praça do município de Tucano, a 252 km de Salvador. Assim como nos outros registros, havia muitas pessoas no local, sem manter o distanciamento de, no mínimo, um metro, como forma de prevenção conta a Covid-19. Tucano, segundo a Sesab, já tem 758 registros do novo coronavírus. Confira mais notícias do estado no G1 Bahia. Moradores de Tucano fazem festa durante o final de semana. — Foto: Reprodução / TV Bahia VÍDEOS: Coronavírus: perguntas e respostas VACINA: testes estão em andamento pelo mundo; SIGA as novidades Manual das máscaras: como fazer, como usar e a importância do uso Como se prevenir do coronavírus? Saiba quais os sintomas do coronavírus e quando procurar um médico Veja o que é #FATO ou #FAKE sobre o coronavírus",15-09-2020,2020-09-07 18:36:40.000000,https://g1.globo.com/ba/bahia/noticia/2020/09/07/em-meio-a-pandemia-da-covid-19-festas-com-aglomeracao-sao-registradas-em-cidades-da-ba.ghtml,g1,"Houve registros em Maragogipe, São Felix, cidades do recôncavo da Bahia, e em Tucano, a 252 km de Salvador.","Em meio à pandemia da Covid-19, festas com aglomeração são registradas em cidades da BA"
20,"De acordo com a Polícia Militar (PM), o evento reuniu cerca de 3 mil pessoas em Caxias (MA) — Foto: Divulgação/Polícia Militar do Maranhão A Polícia Militar do Maranhão (PM-MA) encerrou uma vaquejada que reuniu cerca três mil pessoas e provocou grande aglomeração no domingo (30) no bairro Itapecuruzinho, no município de Caxias, localizado a 360 km de São Luís. Segundo a polícia, ninguém foi preso. A PM chegou até o evento após uma denúncia anônima, informando que um participante estaria em posse de uma arma de fogo. Após algumas abordagens e revistas, a arma não foi localizada. COVID-19 NO MA: Veja o número de casos e mortes pela doença em CaxiasMÉDIA MÓVEL: Confira a progressão de casos e mortes por Covid-19 no MA Nenhuma das pessoas utilizava máscara e não havia distanciamento mínimo, recomendado pelas autoridades de saúde estaduais e pela Organização Mundial da Saúde (OMS). No Maranhão, o uso de máscara em locais públicos e privados de uso coletivo é obrigatório desde 23 de abril. O evento foi encerrado por descumprir os decretos municipal e estadual, que proíbem a realização de eventos de médio e grande porte durante o período de pandemia. No estado, desde 28 de agosto, é permitido somente a realização de pequenos eventos. A polícia informou que realizou um trabalho de conscientização com as pessoas que estavam no evento e em seguida, elas foram liberadas. Segundo a PM, nenhuma das pessoas que participava do evento usava máscara ou respeitava o distanciamento social. — Foto: Divulgação/Polícia Militar do Maranhão Coronavírus no Maranhão No domingo (30), o Maranhão alcançou a marca de 151.212 casos confirmados e 3.436 mortos pelo novo coronavírus, de acordo com a Secretaria de Estado da Saúde (SES). O número de recuperados também subiu e chegou a 139.286. Em 24 horas, foram 96 novos casos na Grande Ilha de São Luís (São Luís, Raposa, Paço do Lumiar e São José de Ribamar), 3 em Imperatriz e 218 nos outros municípios. DÚVIDAS: Veja mais de 40 perguntas e respostasGUIA ILUSTRADO: Conheça mais sobre a Covid-19 VÍDEOS: Coronavírus: perguntas e respostas VACINA: testes estão em andamento pelo mundo; SIGA as novidades Manual das máscaras: como fazer, como usar e a importância do uso Como se prevenir do coronavírus? Saiba quais os sintomas do coronavírus e quando procurar um médico Veja o que é #FATO ou #FAKE sobre o coronavírus",15-09-2020,2020-08-31 17:18:43.000000,https://g1.globo.com/ma/maranhao/noticia/2020/08/31/policia-encerra-vaquejada-clandestina-com-cerca-de-3-mil-pessoas-em-caxias.ghtml,g1,"Caso aconteceu no domingo (30). Segundo a PM, cerca de 3 mil pessoas compareceram ao evento. No estado, está proibido a realização de eventos de grande porte.",Polícia encerra vaquejada clandestina que provocou aglomeração em Caxias
21,"Multidão sem máscara se aglomera em rua do Leblon A madrugada deste sábado (5) foi marcada por desrespeito às medidas sanitárias nos bares do Leblon, na Zona Sul do Rio de Janeiro. Sem máscaras, as pessoas se aglomeraram em frente aos bares na altura das ruas Dias Ferreira e Venâncio Flores. Sem nenhum respeito às regras de distanciamento social, elas tomaram as calçadas e até a via. Nem a presença da Polícia Militar e da Guarda Municipal inibiram o comportamento. Bares voltam a ter aglomeração no Leblon (RJ) O casos de desrespeito já foram registrados na região várias vezes. Na sexta (4), o governador em exercício, Cláudio Castro, prorrogou até o dia 20 de setembro as medidas restritivas para evitar a proliferação da Covid-19 no estado do Rio de Janeiro. A cidade do Rio de Janeiro já registrou 9.853 mortes pelo coronavírus. Segundo dados da Secretaria de Estado de Saúde, foram registradas 73 mortes nas últimas 24 horas, deixando a média móvel em 87 óbitos por dia. Banhistas na Praia de Ipanema — Foto: Marcos Serra Lima/G1 Praias lotadas Na manhã desta sexta, apesar de não haver liberação, a orla de Copacabana e de Ipanema já estava cheia. O plano de flexibilização da Prefeitura do Rio e do governo do estado não permite a permanência na areia. É permitido mergulhar no mar ou praticar esportes individuais na água ou em solo. Ambulantes também podem percorrer a orla, mas está proibido alugar cadeiras e barracas. Areias das praias ficam cheias apesar de proibição no Rio VÍDEOS: Coronavírus: perguntas e respostas VACINA: testes estão em andamento pelo mundo; SIGA as novidades Manual das máscaras: como fazer, como usar e a importância do uso Como se prevenir do coronavírus? Saiba quais os sintomas do coronavírus e quando procurar um médico Veja o que é #FATO ou #FAKE sobre o coronavírus",15-09-2020,2020-09-05 11:03:26.000000,https://g1.globo.com/rj/rio-de-janeiro/noticia/2020/09/05/madrugada-e-marcada-por-bares-lotados-e-aglomeracao-no-leblon.ghtml,g1,"Sem máscaras, as pessoas se aglomeraram em frente aos bares na altura das ruas Dias Ferreira e Venâncio Flores. Cidade do Rio já registrou 9.853 mortes pelo coronavírus.",Madrugada é marcada por bares lotados e aglomeração no Leblon
22,"Bares do Rio voltam a ficar lotados no domingo (6) O fim de semana foi novamente marcado por aglomeração e desrespeito às normas de distanciamento social nas praias, parques e bares do Rio de Janeiro. Muitas pessoas aproveitaram a folga para ficar ao ar livre, sem o uso de máscaras. No Leblon, na Zona Sul, uma multidão tomou conta das ruas Dias Ferreira e Ataulfo de Paiva até as 3h desta segunda-feira (7), feriado da Independência. Com as calçadas e parte das vias ocupadas, motoristas tiveram dificuldade de passar, o que gerou engarrafamento. FOTOS: brasileiros se aglomeram em praias, parques e bares Ruas do Leblon ficaram movimentadas no fim de semana — Foto: Reprodução/TV Globo Na frente dos bares, muitas pessoas conversavam, sem máscara. A prefeitura aplicou 14 multas em 28 estabelecimentos, mas isso não impediu que a multidão ficasse amontoada. Situação semelhante foi registrada na Rua Olegário Maciel, na Barra da Tijuca, Zona Oeste da cidade. Passava de 1h desta segunda-feira (7) e a multidão seguia reunida no local. Bares e restaurantes podem funcionar desde o início de julho, mas devem obedecer algumas regras. Música ao vivo, por exemplo, ainda não é permitida. E o horário de funcionamento é até 1h. Cariocas e turistas voltam a ocupar areias das praias com cadeiras e barracas em feriadão de sol no RioDomingo véspera de feriado tem praias, parques e restaurantes lotados pelo Brasil; FOTOSRio inicia 6ª fase de flexibilização e autoriza museus, galerias de artes, parques e bibliotecasFase 5 da flexibilização libera banho de mar e ambulantes nas praias; horário de bares é ampliadoRJ chega a 16.568 mortes por coronavírus; são mais de 232 mil casos Na Tijuca, na Zona Norte, e na Lapa, no Centro, não houve movimentação nesta madrugada. Em Duque de Caxias, na Baixada Fluminense, houve até baile. Imagens registraram espaços lotados no Jardim Primavera (veja vídeo abaixo). Baile provoca aglomeração em praça de Duque de Caxias Praia de Ipanema lotada — Foto: Bruna Prado/AP Praias lotadas Nas praias das zonas Sul e Oeste, cariocas e turistas voltaram a ocupar as areias com barracas e cadeiras. O decreto municipal liberou os ambulantes e o banho de mar na Fase 5, mas manteve proibido o banho de sol. Em nota, a Prefeitura do Rio fez um ""apelo à população para que siga as regras do plano de flexibilização"" e afirmou que o descumprimento traz ""graves consequências"". ""Quem vai às ruas em condições inadequadas e descumprindo as regras sanitárias, pode não só contrair a doença, mas também contaminar outras pessoas, incluindo seus familiares em casa"", diz o texto. Praias ficam lotadas e pontos turísticos do Rio registram filas no domingo (6) Com as praias cheias, os bombeiros tiveram trabalho. Imagens mostram o helicóptero do Grupamento de Operações Aéreas fazendo resgates na Praia da Barra, na altura do posto 3. Ao menos seis pessoas foram retiradas da água depois de terem sido arrastadas pela correnteza. Em Ipanema, banhistas também fizeram imagens de outros resgates. Movimentação na Praia de Ipanema, no Rio, na manhã deste domingo (6) — Foto: Gabriel Bastos/Futura Press/Estadão Conteúdo Areias de Ipanema lotadas neste domingo (6) — Foto: Gabriel Bastos/Futura Press/Estadão Conteúdo Domingo de sol lotou as praias do Rio — Foto: Adriano Ishibashi/Framephoto/Estadão Conteúdo No calçadão, uma fila gigante de pessoas para entrada no Forte de Copacabana. — Foto: G1 Rio Praias de Niterói, na Região Metropolitana do Rio, também registram grande movimento de banhistas no domingo (6). Praias de Niterói também registram alto movimento de banhistas Fase 6 da flexibilização no Rio No dia 31 de agosto, a prefeitura do Rio anunciou a Fase 6 da flexibilização, que foi dividida em três fases. Foram autorizados a reabrir museus, galerias de artes, parques de diversão, bibliotecas e centros culturais, desde que sigam as chamadas regras de ouro – redução da capacidade de público, distanciamento seguro, uso obrigatório de máscara, disponibilização de álcool em gel, entre outras. Cinema, teatro, lonas e arenas continuam proibidos, assim como o banho de sol. As principais regras nas praias Veja, abaixo, quais são as principais regras nas praias: ambulantes podem trabalhar das 7h às 18h nas praias e logradouros, mas sem alugar cadeiras, mesas e barracas e sem bebida alcoólica;banho de mar está liberado, mas permanência na areia e uso de caixas térmicas estão proibidos;a prática da altinha continua proibida. Regras de Ouro da Prefeitura do Rio para a reabertura da cidade — Foto: Infografia: Fernanda Garrafiel/G1 VÍDEOS: as notícias mais assistidas do G1",15-09-2020,2020-09-07 09:30:41.000000,https://g1.globo.com/rj/rio-de-janeiro/noticia/2020/09/07/feriadao-e-marcado-por-aglomeracao-nas-praias-parques-e-bares-do-rio.ghtml,g1,"No Rio e em Niterói, areias das praias lotaram no domingo de sol. No Leblon, multidão tomou conta das ruas Dias Ferreira e Ataulfo de Paiva. E em Duque de Caxias, houve até baile. Imagens mostram muitas pessoas sem máscara.",Bares voltam a ter aglomeração durante a madrugada; praias e parques ficaram lotados no feriadão
23,"Em 2019, cerca de 162 mil fiéis visitaram o Santuário Nacional de Aparecida no 12 de outubro — Foto: Thiago Leon/ Santuário Nacional de Aparecida O Santuário Nacional de Aparecida vai adotar missas virtuais para evitar aglomerações no feriado da Padroeira, celebrado em 12 de outubro. A mudança na tradicional programação, que costuma atrair milhares de fiéis à cidade homônima no interior de São Paulo, acontece devido à pandemia de coronavírus. Atualmente, o templo pode receber até 6 mil pessoas simultaneamente, segundo decreto da administração municipal. As celebrações da novena e do dia 12 de outubro serão transmitidas pela internet, e os fiéis não poderão acompanhá-las presencialmente. Na igreja, o público das celebrações será formado apenas por pessoas ligadas à Arquidiocese de Aparecida e obras de evangelização da Basílica, que seguirão os protocolos de distanciamento e higiene. Apesar de não poder acompanhar as missas no local, os romeiros ainda poderão visitar espaços do Santuário Nacional, como a passagem pela Imagem, Capela das Velas e Sala dos Milagres, por exemplo. Além das celebrações, outros eventos da Festa da Padroeira sofreram alterações. Procissões, vigílias, carreata e passeio ciclístico foram cancelados. Os tradicionais shows também não irão acontecer neste ano. Além de lotar os bancos durante a missa, público se aglomerou nas entradas do Santuário Nacional de Aparecida no 12 de outubro em 2019 — Foto: Carlos Santos/ G1 Sem aglomeração O Santuário Nacional de Aparecida justificou a medida para evitar aglomerações ""diante do cenário de pandemia que o mundo vive, que continua inspirando cuidado e respeito pelo próximo"". Todos os anos, a Festa da Padroeira mobiliza milhares de fiéis em direção ao Santuário Nacional de Aparecida. Em 2019, o maior templo mariano do mundo registrou 162 mil visitantes somente no 12 de outubro. No fim de semana do feriado, 271 mil fiéis passaram pelo Santuário. Na Basílica, os fiéis se aglomeram para acompanhar as celebrações, visitar a imagem da Santa, a Capela das Velas, a Sala dos Milagres, cruzar a Passarela da Fé, entre outras atrações do espaço. Além do grande fluxo no Santuário, a data leva milhares de fiéis ao acostamento da via Dutra. A estrada se transforma em rota da fé improvisada por peregrinos que seguem em romaria para visitar o templo no interior paulista. Passarela da Fé liga o Santuário Nacional à Basílica Velha e é um dos principais pontos de peregrinação — Foto: Carlos Santos/G1 Pandemia O Santuário Nacional de Aparecida ficou sem missas com fiéis durante quatro meses neste ano por causa da pandemia de coronavírus. As celebrações com público foram retomadas no fim de julho com protocolos para evitar o contágio da Covid-19. O espaço estava fechado desde março, quando começou a valer o decreto de isolamento social. Apesar do decreto federal incluir igrejas como atividades essenciais para reabertura, a Justiça bloqueou as missas no Santuário alegando risco de aglomeração e disseminação do vírus. A reabertura foi determinada por decreto municipal. O retorno da presença dos fiéis às missas no Santuário Nacional segue regras de higienização e controle de acesso, com número máximo de mil pessoas por celebração - a lotação máxima do espaço é de 35 mil pessoas. As regras estabelecem ainda que o espaço todo do Santuário receba atualmente até seis mil pessoas simultaneamente. Santuário Nacional de Aparecida retomou missa com a presença de fiéis no fim de julho — Foto: Thiago Leon/Santuário Nacional VÍDEOS: as notícias mais assistidas do G1",15-09-2020,2020-09-09 16:03:40.000000,https://g1.globo.com/sp/vale-do-paraiba-regiao/noticia/2020/09/09/santuario-nacional-de-aparecida-adota-missa-virtual-para-evitar-aglomeracao-no-12-de-outubro.ghtml,g1,"Celebrações da novena e feriado da Padroeira contarão apenas com pessoas ligadas à Arquidiocese de Aparecida e obras sociais. Espaço, no entanto, estará aberto para visitação.",Santuário Nacional de Aparecida adota missa virtual para evitar aglomeração no 12 de outubro
24,"Moradores denunciam agressões durante abordagem policial em Senador Canedo Moradores denunciam o uso excessivo da força por parte de policiais militares durante uma abordagem em Senador Canedo, na Região Metropolitana de Goiânia. A ação dos PMs foi filmada por um morador, que preferiu não se identificar. As imagens, que circulam nas redes sociais, mostram quando os policiais chegam à casa. Ainda na porta, os moradores já reclamam da abordagem (veja acima). Em nota, a assessoria da Polícia Militar informou que ""não compactua com qualquer desvio de conduta"" e que vai abrir um procedimento administrativo para ""apurar a conduta dos policiais militares"". Ainda na nota, a corporação disse em nota que a equipe foi ao local porque vizinhos denunciaram uma aglomeração com som automotivo e que o fato teria sido constatado no local (veja a íntegra ao final). A reportagem tentou localizar a família que mora na casa que foi alvo da abordagem, mas ainda não conseguiu. Moradores denunciam violência durante abordagem em Senador Canedo, Goiás — Foto: Reprodução/TV Anhanguera Vídeo mostra abordagem Na gravação, é possível ver que um dos PMs segura uma arma de fogo durante a abordagem. Um morador tenta entrar na residência, mas é empurrado para fora pelo policial. Uma mulher grávida, que seria a dona da casa, tenta entrar junto com os militares, mas é agarrada e levada para fora. Em seguida, o policial com a arma na mão parte para cima da pessoa que está gravando o vídeo e dá dois chutes. Um morador tenta conversar com o militar para tentar entender o que estava acontecendo. As pessoas que aparecem no vídeo alegam que os PMs não justificaram por que foram proibidos de entrar na casa e apenas receberam a orientação para esperar do lado de fora. Moradores denunciam violência durante abordagem em Senador Canedo, Goiás — Foto: Reprodução/TV Anhanguera Nota da Polícia Militar ""A Polícia Militar informa que todos os Policiais Militares são orientados quanto as medidas sanitárias preventivas e que todos os integrantes da corporação recebem os equipamentos de proteção individual - EPI. Informa também que, após ser acionada por vizinhos que reclamaram de uma aglomeração de pessoas com som automotivo, a equipe da Polícia Militar foi ao local da denúncia onde constatou a aglomeração de pessoas. Foi confeccionado o Registro de Atendimento Integrado - RAI e um Termo Circunstanciado de Ocorrência - TCO contra um dos participantes da festa por infringir determinação do poder público, destinada a impedir introdução ou propagação de doença contagiosa, artigo 268 do Código Penal. Por fim, salientamos que a corporação não compactua com qualquer desvio de conduta e que será aberto um procedimento administrativo para apurar a conduta dos Policiais Militares"". Veja outras notícias da região no G1 Goiás.",15-09-2020,2020-09-15 00:22:06.000000,https://g1.globo.com/go/goias/noticia/2020/09/14/moradores-relatam-abordagem-agressiva-de-pms-em-senador-canedo-veja-video.ghtml,g1,Imagens mostram policial com arma na mão durante discussão. Uma moradora grávida é impedida por PM de entrar em casa. Polícia Militar disse que equipe foi chamada por causa de aglomeração e som automotivo e informou que vai apurar a conduta dos policiais.,Moradores relatam abordagem agressiva de PMs em Senador Canedo; veja vídeo
25,"Vila Madalena fica cheia na primeira noite do feriadão Muita gente aproveitou o calor deste sábado (5) para frequentar bares e restaurantes na região da Vila Madalena, na Zona Oeste de São Paulo. Apesar da presença de fiscalização feita por guardas civis metropolitanos, os estabelecimentos seguiram cheios. Na Rua Aspicuelta, as pessoas se aglomeraram, deixaram de usar máscara ou usaram de maneira errada. A reportagem da GloboNews flagrou muitas filas e pessoas comendo e bebendo na calçada e funcionários dos estabelecimento tentando cumprir as regras da flexibilização. Fiscais da Prefeitura de São Paulo e equipes da Guarda Civil Metropolitana circulam pela região, mas em um dos momentos os guardas estavam de braços cruzados do lado de fora da viatura, sem fazer a fiscalização necessária. Ruas e bares da Vila Madalena (SP) tem aglomeração e pessoas sem máscara Guarda civil metropolitano de braços cruzados na Vila Madalena, que registrou aglomeração e falta de uso de máscaras em bares de restaurantes da região neste sábado (5) — Foto: Reprodução/GloboNews Reclamação da categoria Os estabelecimentos ficaram 104 dias fechados devido a pandemia do coronavírus na cidade de São Paulo, os protocolos que definiram as regras de reabertura, após a cidade de São Paulo ingressar na fase amarela do Plano SP de flexibilização econômica, foram assinadas pelo prefeito Bruno Covas em 4 de julho (leia mais abaixo). Desde o começo da pandemia de Covid-19, quase 12 mil bares e restaurantes fecharam as portas na cidade de São Paulo. Por conta disso, os empresários do setor pedem regras mais flexíveis ao governo de São Paulo para flexibilização da quarentena. ""Nós temos que aprender com os países que já tiveram a doença e que estão na nossa frente. A Espanha é um exemplo. A Espanha teve um pico de casos em abril desse ano: 8 mil casos por dia. Agora depois que a Espanha flexibilizou as atividades no período noturno como de discotecas, de bares, como as atividades de lazer noturno, uma das razões para que tenha esse aumento, essa retomada no número de casos semelhantes que teve no mês de abril. Então a resposta do comitê nesse momento é que não vai estender o prazo de 22 horas para as 23 horas"", disse José Medina, coordenador estadual do Centro de Contingência da Covid-19. Sobre a negativa do governo de São Paulo, a Associação Brasileira de Bares e Restaurantes (Abrasel) disse, em nota, que os bares e restaurantes estão preparados para ampliar o horário de funcionamento com segurança e sem colocar em risco os clientes e funcionários. Reabertura na capital paulista O prefeito Bruno Covas (PSDB) assinou em 4 de julho os protocolos que definiram as regras de reabertura, após a cidade de São Paulo ingressar na fase amarela do Plano SP de flexibilização econômica. A reabertura foi autorizada após o setor se comprometer com as regras de distanciamento estabelecidas pelas autoridades de saúde da cidade. Inicialmente, o setor estava autorizado a funcionar apenas até 17h, mas o governo paulista autorizou o funcionamento noturno do setor até as 22h em 31 de julho, desde que obedecidas as regras sanitárias estabelecidas pelas prefeituras locais. Veja abaixo as principais determinações do protocolo na capital paulista: Ocupação máxima de 40% da capacidade do estabelecimento;Distância de 2 metros entre as mesas e de 1,5 metro entre as pessoas;Máximo de 6 pessoas por mesa;Proibição de consumo nas calçadas;Atendimento deve ser feito apenas para clientes sentados;Uso obrigatório de máscaras por clientes e funcionários no estabelecimento. (Apenas quando estiver sentado em sua mesa, o cliente poderá deixar de utilizar a máscara);Proibição de aglomerações;Disponibilizar álcool gel para higienização das mãos;Barreiras de acrílico devem ser instaladas nos caixas e balcões de alimentos;Temperos e condimentos devem ser fornecidos em sachês;Cardápios deverão ser disponibilizados digitalmente ou em quadros na parede;Funcionários devem usar máscaras, viseiras de acrílico e luvas;Pratos, copos e talheres devem ser higienizados;Guardanapos de tecido estão proibidos;Ambiente deve ser submetido a um intenso processo de limpeza;Funcionários que apresentarem sintomas de síndrome gripal devem ser testados;Apoio a colaboradores com dependentes no período em que creches e escolas estiverem fechadas. VÍDEOS: Coronavírus: perguntas e respostas VACINA: testes estão em andamento pelo mundo; SIGA as novidades Manual das máscaras: como fazer, como usar e a importância do uso Como se prevenir do coronavírus? Saiba quais os sintomas do coronavírus e quando procurar um médico Veja o que é #FATO ou #FAKE sobre o coronavírus",15-09-2020,2020-09-05 21:49:51.000000,https://g1.globo.com/sp/sao-paulo/noticia/2020/09/05/bares-e-ruas-da-vila-madalena-registram-aglomeracao-e-pessoas-sem-mascara-em-sabado-de-calor-em-sp.ghtml,g1,"Fiscais da Prefeitura de São Paulo e equipes da Guarda Civil Metropolitana circulam pela região, mas em um dos momentos os guardas estavam de braços cruzados do lado de fora da viatura, mas sem fazer a fiscalização necessária.",Bares e ruas da Vila Madalena registram aglomeração e pessoas sem máscara em sábado de calor em SP
26,"Festa de rua tem aglomeração de pessoas sem máscara em Ubatuba Um festa de rua gerou aglomeração de pessoas e desrespeito a normas de segurança de prevenção à Covid-19 na madrugada deste domingo (6) em Ubatuba (SP) (veja vídeo acima). De acordo com relato de moradores, o fluxo teve início por volta das 23h de sábado (5) e encerrou por volta das 6h deste domingo na rua Salvador Correia, no Centro da cidade. O local fica a cerca de 100 metros da Santa Casa da cidade. Apesar de o Governo de São Paulo ter anunciado na sexta (4) que enviaria 20 mil policiais para cidades turísticas no feriado, a festa encerrou sem intervenção da polícia. Segundo um morador que registrou as imagens, mas prefere não ser identificado na reportagem, a Polícia Militar foi acionada por moradores porque além do barulho, foram registradas brigas durante a festa. Porém, nenhuma equipe foi até o local. Festa de rua tem aglomeração de pessoas sem máscara em Ubatuba — Foto: Arquivo pessoal Na sexta-feira o Governo de São Paulo anunciou que reforçou o efetivo de segurança para atuar no litoral do estado e coibir aglomeração de turistas. A Prefeitura de Ubatuba pediu reforço na segurança ao Estado. Em nota, a Secretaria de Segurança Pública (SSP) informou que ""o reforço policial no litoral paulista é um apoio às ações das prefeituras e órgãos de saúde, que são os responsáveis pelas medidas sanitárias e dados referentes a elas"". A Prefeitura de Ubatuba informou que na manhã deste domingo interditou três estabelecimentos, entre bares e adegas, na rua em que houve a festa por descumprir as regras de funcionamento durante a pandemia. Prefeitura de Ubatuba interditou bares que descumpriram regras de funcionamento — Foto: Divulgação/ Prefeitura de Ubatuba Praias lotadas Com o calor e flexibilização do isolamento no feriado prolongado da Independência, o litoral norte registrou praias cheias no sábado (5). Em Maresias, que fica em São Sebastião, a praia ficou cheia e a maior parte dos banhistas não usava máscara de proteção, como determinam protocolos para evitar contágio pelo coronavírus.. A prefeitura organiza barreiras desde a manhã de sexta no Jaraguá e Canto do Mar, bairros da Costa Norte no limite com Caraguatatuba, e em Boraceia, na Costa Sul, no limite com Bertioga. Aglomeração na praia de Maresias, em São Sebastião — Foto: Elton Ramos / PMSS",15-09-2020,2020-09-06 14:49:22.000000,https://g1.globo.com/sp/vale-do-paraiba-regiao/noticia/2020/09/06/festa-de-rua-tem-aglomeracao-de-pessoas-sem-mascara-em-ubatuba-video.ghtml,g1,Cenas foram registradas por moradores do Centro da cidade. Fluxo teve início por volta das 23h de sábado (5) e terminou por volta das 6h deste domingo (6).,Festa de rua tem aglomeração de pessoas sem máscara em Ubatuba; vídeo
27,"Bolsonaro participa sem máscara de cerimônia pelo 7 de Setembro e gera aglomeração Em Brasília, o Sete de Setembro foi comemorado com uma cerimônia no Palácio da Alvorada. Essa foi a primeira vez que não houve desfile militar no Sete de Setembro, desde a redemocratização, em 1985. Os desfiles, em todo o país, foram cancelados pelo Ministério da Defesa. Numa portaria, publicada no Diário Oficial, há um mês, o ministério destacou que, no contexto da pandemia, não era recomendável pelas autoridades sanitárias a promoção de eventos que gerassem aglomerações de público, devido ao risco de contaminação. Em Brasília, não houve o tradicional desfile na Esplanada dos Ministérios. A festa oficial foi no Palácio da Alvorada. Contrariando a recomendação do Ministério da Defesa para evitar aglomeração, o espaço foi aberto para quem quis assistir à cerimônia, que não teve discursos. Segundo o Planalto, o evento foi organizado para receber 800 pessoas. O presidente Jair Bolsonaro desfilou no Rolls-Royce, sem máscara e cercado de crianças, algumas desprotegidas. Eram filhos de autoridades e convidados. A primeira-dama, Michelle, já estava em frente ao Palácio da Alvorada, onde seria a cerimônia. Usava máscara, mas se aproximou da grade para cumprimentar quem estava do outro lado. Em seguida, o presidente fez o mesmo, apertou a mão de apoiadores que se amontoaram para vê-lo. Além do vice, Hamilton Mourão, e de ministros, compareceram os comandantes das Forças Armadas, os presidentes do STF, Dias Toffoli, e do Senado, Davi Alcolumbre. Como nos dois últimos anos, o presidente da Câmara, Rodrigo Maia, não apareceu. A bandeira foi hasteada ao som dos hinos Nacional e da Independência. A esquadrilha da fumaça fez uma apresentação. A comemoração inteira durou 20 minutos. Logo, as autoridades foram embora. Menos Bolsonaro, que continuou tirando fotos com apoiadores e distribuindo apertos de mão.",15-09-2020,2020-09-08 00:31:55.000000,https://g1.globo.com/jornal-nacional/noticia/2020/09/07/bolsonaro-participa-sem-mascara-de-cerimonia-pelo-7-de-setembro-e-gera-aglomeracao.ghtml,g1,"Segundo o Planalto, o evento foi organizado para receber 800 pessoas. O presidente Jair Bolsonaro desfilou no Rolls-Royce, sem máscara e cercado de crianças.",Bolsonaro participa sem máscara de cerimônia pelo 7 de Setembro e gera aglomeração
28,"Vila Madalena registra bares cheios no domingo à noite O bairro da Vila Madalena, na Zona Oeste de São Paulo, teve muita aglomeração perto dos bares e desrespeito ao uso da máscara no domingo (6) à noite. As viaturas da Guarda Civil Metropolitana não intimidaram os frequentadores que fizeram aglomeração, bebendo nas calçadas, em frentes aos bares da Rua Aspicuelta. A reportagem do Bom Dia SP flagrou também muitas pessoas sem máscara ou usando de forma errada. Depois das 22h, os estabelecimentos fecharam, só que algumas pessoas insistiram em ficar por ali. Na sexta-feira (4), no começo deste feriado, a capital e o estado registraram a pior taxa de isolamento desde março: 40%. A Prefeitura da capital diz que fiscaliza diariamente os estabelecimentos e que, desde o começo da quarentena, já interditou mais de 600 bares, restaurantes e lanchonetes. Reabertura na capital paulista O prefeito Bruno Covas (PSDB) assinou em 4 de julho os protocolos que definiram as regras de reabertura, após a cidade de São Paulo ingressar na fase amarela do Plano SP de flexibilização econômica. A reabertura foi autorizada após o setor se comprometer com as regras de distanciamento estabelecidas pelas autoridades de saúde da cidade. Inicialmente, o setor estava autorizado a funcionar apenas até 17h, mas o governo paulista autorizou o funcionamento noturno do setor até as 22h em 31 de julho, desde que obedecidas as regras sanitárias estabelecidas pelas prefeituras locais. Vila Madalena neste domingo (6) — Foto: Reprodução/TV Globo Veja abaixo as principais determinações do protocolo na capital paulista: Ocupação máxima de 40% da capacidade do estabelecimento;Distância de 2 metros entre as mesas e de 1,5 metro entre as pessoas;Máximo de 6 pessoas por mesa;Proibição de consumo nas calçadas;Atendimento deve ser feito apenas para clientes sentados;Uso obrigatório de máscaras por clientes e funcionários no estabelecimento. (Apenas quando estiver sentado em sua mesa, o cliente poderá deixar de utilizar a máscara);Proibição de aglomerações;Disponibilizar álcool gel para higienização das mãos;Barreiras de acrílico devem ser instaladas nos caixas e balcões de alimentos;Temperos e condimentos devem ser fornecidos em sachês;Cardápios deverão ser disponibilizados digitalmente ou em quadros na parede;Funcionários devem usar máscaras, viseiras de acrílico e luvas;Pratos, copos e talheres devem ser higienizados;Guardanapos de tecido estão proibidos;Ambiente deve ser submetido a um intenso processo de limpeza;Funcionários que apresentarem sintomas de síndrome gripal devem ser testados;Apoio a colaboradores com dependentes no período em que creches e escolas estiverem fechadas.",15-09-2020,2020-09-07 10:06:22.000000,https://g1.globo.com/sp/sao-paulo/noticia/2020/09/07/vila-madalena-registra-aglomeracao-em-bares-e-desrespeito-ao-uso-de-mascara-no-domingo.ghtml,g1,"A Prefeitura de SP diz que fiscaliza diariamente os estabelecimentos e que, desde o começo da quarentena, já interditou mais de 600 bares, restaurantes e lanchonetes.",Vila Madalena registra aglomeração em bares e desrespeito ao uso de máscara no domingo
29,"Com barca lotada, mais de 800 pessoas se aglomeram na estação da barca de Paquetá — Foto: Reprodução Mais de 800 pessoas ficaram aglomeradas na estação das barcas na Ilha de Paquetá na noite deste domingo (6), em plena pandemia. Elas aguardaram para deixar o local por mais de cinco horas. Nesta segunda (7), feriado da Independência, mais de 100 pessoas pularam as roletas da estação para conseguir pegar a embarcação prevista para 18h30. No domingo, a multidão se formou à espera de uma lancha extra que não foi enviada pela Concessionária CCR Barcas na parte da noite. Pela manhã, os passageiros deixaram a estação da Praça 15, em uma barca extra às 10h15. Apesar de saber da grande movimentação, a CCR Barcas alegou que não enviou uma outra lancha para Paquetá por que não tinha embarcação disponível. As barcas só estão circulando com capacidade máxima de 900 passageiros. Por isso, muitas pessoas não conseguiram deixar a ilha na lancha do horário das 18h30. Segundo relato de passageiros, durante a espera houve um princípio de confusão. No local, estavam crianças e idosos que saíram da ilha às 23h30, horário marcado para a última lancha. Passageiros tiveram que aguardar de 18h30 até 23h30 para poder embarcar — Foto: Reprodução Em nota, a concessionária CCR Barcas esclareceu que, de acordo com o registro do Centro de Controle Operacional (CCO), neste domingo (6), a viagem programada para as 10h no itinerário Praça XV-Paquetá foi realizada antecipadamente às 9h42, com 888 passageiros a bordo da embarcação Neves, que tem capacidade para 1, 3 mil passageiros (900 sentados e 400 em pé). Ainda de acordo com a CCR, ""segundo o Decreto 47.129 de 19 de junho de 2020, que dispõe sobre as medidas de enfrentamento da propagação do Novo Coronavírus (Covid-19), as embarcações deverão navegar com a lotação máxima correspondente ao número de assentos. Sendo assim, os bloqueios das estações estão programados para que o número de passagens disponibilizadas seja exatamente igual ao número de assentos da embarcação.""",15-09-2020,2020-09-07 20:24:59.000000,https://g1.globo.com/rj/rio-de-janeiro/noticia/2020/09/07/falta-de-barca-extra-causa-aglomeracao-em-paqueta-no-fim-de-semana-passageiros-esperaram-mais-de-cinco-horas-para-sair-da-ilha.ghtml,g1,"Nesta segunda (7), mais de 100 pessoas pularam as roletas da estação para conseguir pegar a embarcação prevista para 18h30.",Falta de barca extra causa aglomeração em Paquetá no feriadão; passageiros esperaram mais de cinco horas para sair da ilha
